drop_ratio,edge_util_std,frac_hot_switches,frac_saturated_edges,jain_fairness,max_edge_util,mean_edge_util,mean_hops,mean_latency,mean_switch_util,offered_load,p50_flow_rate,p95_flow_rate,p95_switch_util,policy,rate,sum_edge_cap,sum_edge_load,switch_util_gini,switch_util_std,throughput,topk_edge_load_share,topology,traffic_weighted_util,workload
0.0433,0.0357,0.001,0.0003,0.8139,1.5806,0.0048,4.8007,5.7721,0.0049,20591.6892,0.2025,0.3458,0.0047,conga_configuration,1,24576000.0,118894.7386,0.9784,0.0551,19699.1825,0.0318,fat_tree,0.0048,incast
0.9226,0.7805,0.0057,0.0135,0.1628,32.9671,0.0779,4.8068,5.7793,0.0785,331092.1086,0.0215,0.0358,0.0512,conga_configuration,2,24576000.0,1913709.5014,0.9688,1.2069,25611.2538,0.0522,fat_tree,0.0779,incast
0.9676,7.805,0.0349,0.0808,0.0309,329.6711,0.7787,4.8068,5.7793,0.785,3310921.0858,0.0215,0.0359,0.512,conga_configuration,20,24576000.0,19137095.0139,0.9688,12.0687,107168.387,0.0522,fat_tree,0.7787,incast
0.1967,0.378,0.4168,0.32,0.8499,2.8018,0.7991,4.9334,5.9334,0.8067,3310044.1953,3.4503,5.4665,1.4528,conga_configuration,20,24576000.0,19639662.0391,0.2771,0.3912,2658857.1129,0.0004,fat_tree,0.7991,random_workload
0.8519,1.1389,0.3647,0.0902,0.8844,13.2345,0.3231,2.9981,3.9981,0.7523,3310044.1953,0.608,0.9392,1.4575,ospf_configuration,20,40960000.0,13233693.087,0.3115,0.415,490304.6504,0.003,leaf_spine,0.3231,random_workload
0.9259,2.2778,0.7163,0.1738,0.8765,26.4691,0.6462,2.9981,3.9981,1.5046,6620088.3906,0.608,0.9392,2.915,ospf_configuration,40,40960000.0,26467386.1739,0.3115,0.83,490815.0168,0.003,leaf_spine,0.6462,random_workload
0.8519,1.1389,0.3647,0.0902,0.8844,13.2345,0.3231,2.9981,3.9981,0.7523,3310044.1953,0.608,0.9392,1.4575,eigrp_configuration,20,40960000.0,13233693.087,0.3115,0.415,490304.6504,0.003,leaf_spine,0.3231,random_workload
0.9259,2.2778,0.7163,0.1738,0.8765,26.4691,0.6462,2.9981,3.9981,1.5046,6620088.3906,0.608,0.9392,2.915,eigrp_configuration,40,40960000.0,26467386.1739,0.3115,0.83,490815.0168,0.003,leaf_spine,0.6462,random_workload
0.1563,0.3237,0.3646,0.0652,0.8373,2.8018,0.3231,2.9981,3.9981,0.7523,3310044.1953,3.5912,5.9186,1.4571,ospf_ecmp_configuration,20,40960000.0,13233693.087,0.3099,0.4087,2792817.7957,0.0006,leaf_spine,0.3231,random_workload
0.5012,0.6473,0.7162,0.1724,0.8816,5.6035,0.6462,2.9981,3.9981,1.5046,6620088.3906,4.1165,6.6072,2.9142,ospf_ecmp_configuration,40,40960000.0,26467386.1739,0.3099,0.8174,3302017.5703,0.0006,leaf_spine,0.6462,random_workload
0.1563,0.3173,0.3646,0.0652,0.8373,2.8018,0.3231,2.9981,3.9981,0.7523,3310044.1953,3.5912,5.9186,1.4571,eigrp_ecmp_configuration,20,40960000.0,13233693.087,0.3099,0.4087,2792818.1111,0.0006,leaf_spine,0.3231,random_workload
0.5012,0.6347,0.7162,0.1566,0.8816,5.6035,0.6462,2.9981,3.9981,1.5046,6620088.3906,4.1165,6.6073,2.9142,eigrp_ecmp_configuration,40,40960000.0,26467386.1739,0.3099,0.8174,3302033.8793,0.0006,leaf_spine,0.6462,random_workload
0.1563,0.3236,0.3646,0.0652,0.8373,2.8018,0.3231,2.9981,3.9981,0.7523,3310044.1953,3.5912,5.9186,1.4571,ospf_drill_configuration,20,40960000.0,13233693.087,0.3099,0.4087,2792817.7417,0.0006,leaf_spine,0.3231,random_workload
0.5012,0.6472,0.7162,0.1717,0.8816,5.6035,0.6462,2.9981,3.9981,1.5046,6620088.3906,4.1165,6.6072,2.9142,ospf_drill_configuration,40,40960000.0,26467386.1739,0.3099,0.8174,3302025.3066,0.0006,leaf_spine,0.6462,random_workload
0.9226,0.7711,0.0057,0.0147,0.3585,32.9671,0.0779,4.8068,5.7793,0.0785,331092.1086,0.0215,0.0357,0.0647,eigrp_ecmp_configuration,2,24576000.0,1913709.5014,0.9684,1.2068,25611.2538,0.0522,fat_tree,0.0779,incast
0.9676,7.965,0.03,0.0908,0.041,329.6711,0.7787,4.8068,5.7793,0.785,3310921.0858,0.0215,0.0359,0.5109,eigrp_ecmp_configuration,20,24576000.0,19137095.0139,0.9691,12.0699,107168.387,0.0522,fat_tree,0.7787,incast
0.1954,0.3782,0.4169,0.321,0.8513,2.8018,0.7991,4.9334,5.9334,0.8067,3310044.1953,3.468,5.4399,1.4528,eigrp_ecmp_configuration,20,24576000.0,19639662.0391,0.2771,0.3912,2663260.3468,0.0004,fat_tree,0.7991,random_workload
0.4446,0.0796,0.001,0.0005,0.5506,10.1212,0.0027,2.2771,3.2485,0.0045,20591.6892,0.0568,0.3147,0.0025,ospf_configuration,1,24576000.0,66967.3822,0.9896,0.0563,11437.5977,0.3167,informed_fat_tree,0.0027,incast
0.1563,0.3174,0.3646,0.0652,0.8373,2.8018,0.3231,2.9981,3.9981,0.7523,3310044.1953,3.5912,5.9186,1.4571,eigrp_drill_configuration,20,40960000.0,13233693.087,0.3099,0.4087,2792818.1111,0.0006,leaf_spine,0.3231,random_workload
0.5012,0.6348,0.7162,0.1569,0.8816,5.6035,0.6462,2.9981,3.9981,1.5046,6620088.3906,4.1165,6.6073,2.9142,eigrp_drill_configuration,40,40960000.0,26467386.1739,0.3099,0.8174,3302033.7203,0.0006,leaf_spine,0.6462,random_workload
0.1563,0.319,0.3661,0.0653,0.8371,2.3961,0.3237,2.9983,3.9983,0.7536,3315705.4979,3.5943,5.9365,1.4588,conga_configuration,20,40960000.0,13256937.5348,0.3098,0.4093,2797410.764,0.0005,leaf_spine,0.3237,local_group_workload
0.5011,0.6381,0.717,0.1604,0.881,4.7922,0.6473,2.9983,3.9983,1.5072,6631410.9957,4.116,6.6334,2.9175,conga_configuration,40,40960000.0,26513875.0695,0.3098,0.8186,3308572.6345,0.0005,leaf_spine,0.6473,local_group_workload
0.852,1.1405,0.3662,0.0903,0.8878,12.5249,0.3237,2.9983,3.9983,0.7536,3315705.4979,0.6095,0.9393,1.4593,rip_configuration,20,40960000.0,13256937.5348,0.3114,0.4156,490881.3883,0.0029,leaf_spine,0.3237,local_group_workload
0.9259,2.2809,0.7171,0.174,0.8818,25.0497,0.6473,2.9983,3.9983,1.5072,6631410.9957,0.6095,0.9393,2.9185,rip_configuration,40,40960000.0,26513875.0695,0.3114,0.8311,491261.7875,0.0029,leaf_spine,0.6473,local_group_workload
0.852,1.1405,0.3662,0.0903,0.8878,12.5249,0.3237,2.9983,3.9983,0.7536,3315705.4979,0.6095,0.9393,1.4593,ospf_configuration,20,40960000.0,13256937.5348,0.3114,0.4156,490881.3883,0.0029,leaf_spine,0.3237,local_group_workload
0.9259,2.2809,0.7171,0.174,0.8818,25.0497,0.6473,2.9983,3.9983,1.5072,6631410.9957,0.6095,0.9393,2.9185,ospf_configuration,40,40960000.0,26513875.0695,0.3114,0.8311,491261.7875,0.0029,leaf_spine,0.6473,local_group_workload
0.852,1.1405,0.3662,0.0903,0.8878,12.5249,0.3237,2.9983,3.9983,0.7536,3315705.4979,0.6095,0.9393,1.4593,eigrp_configuration,20,40960000.0,13256937.5348,0.3114,0.4156,490881.3883,0.0029,leaf_spine,0.3237,local_group_workload
0.9259,2.2809,0.7171,0.174,0.8818,25.0497,0.6473,2.9983,3.9983,1.5072,6631410.9957,0.6095,0.9393,2.9185,eigrp_configuration,40,40960000.0,26513875.0695,0.3114,0.8311,491261.7875,0.0029,leaf_spine,0.6473,local_group_workload
0.9476,1.5422,0.0064,0.0199,0.1628,65.9342,0.1557,4.8068,5.7793,0.157,662184.2172,0.0215,0.0358,0.1293,eigrp_ecmp_configuration,4,24576000.0,3827419.0028,0.9684,2.4136,34673.1575,0.0522,fat_tree,0.1557,incast
0.9701,16.2213,0.0476,0.1178,0.0309,659.3422,1.5574,4.8068,5.7793,1.57,6621842.1715,0.0215,0.0359,0.7553,eigrp_ecmp_configuration,40,24576000.0,38274190.0277,0.9698,24.1418,197787.424,0.0522,fat_tree,1.5574,incast
0.5376,0.7564,0.7832,0.749,0.8965,5.6035,1.5983,4.9334,5.9334,1.6133,6620088.3906,3.8676,5.8854,2.9057,eigrp_ecmp_configuration,40,24576000.0,39279324.0781,0.2771,0.7825,3060841.4812,0.0004,fat_tree,1.5983,random_workload
0.4423,0.0794,0.001,0.0005,0.5498,10.0806,0.0027,2.2771,3.2485,0.0045,20591.6892,0.0565,0.311,0.0025,eigrp_configuration,1,24576000.0,66967.3822,0.9895,0.0563,11484.7539,0.3158,informed_fat_tree,0.0027,incast
0.1563,0.3241,0.3661,0.0653,0.8371,2.3961,0.3237,2.9983,3.9983,0.7536,3315705.4979,3.5943,5.9365,1.4588,ospf_ecmp_configuration,20,40960000.0,13256937.5348,0.3098,0.4093,2797410.6794,0.0005,leaf_spine,0.3237,local_group_workload
0.5011,0.6483,0.717,0.1727,0.881,4.7922,0.6473,2.9983,3.9983,1.5072,6631410.9957,4.116,6.6334,2.9175,ospf_ecmp_configuration,40,40960000.0,26513875.0695,0.3098,0.8186,3308564.9406,0.0005,leaf_spine,0.6473,local_group_workload
0.1563,0.3179,0.3661,0.0653,0.8371,2.3961,0.3237,2.9983,3.9983,0.7536,3315705.4979,3.5943,5.9365,1.4588,eigrp_ecmp_configuration,20,40960000.0,13256937.5348,0.3098,0.4093,2797410.764,0.0005,leaf_spine,0.3237,local_group_workload
0.5011,0.6358,0.717,0.157,0.881,4.7922,0.6473,2.9983,3.9983,1.5072,6631410.9957,4.116,6.6334,2.9175,eigrp_ecmp_configuration,40,40960000.0,26513875.0695,0.3098,0.8186,3308578.7056,0.0005,leaf_spine,0.6473,local_group_workload
0.1563,0.3278,0.3661,0.0654,0.8371,2.3961,0.3237,2.9983,3.9983,0.7536,3315705.4979,3.5943,5.9364,1.4588,ospf_drill_configuration,20,40960000.0,13256937.5348,0.3098,0.4093,2797389.5946,0.0005,leaf_spine,0.3237,local_group_workload
0.5011,0.6557,0.717,0.1815,0.8811,4.7922,0.6473,2.9983,3.9983,1.5072,6631410.9957,4.116,6.6329,2.9175,ospf_drill_configuration,40,40960000.0,26513875.0695,0.3098,0.8186,3308472.103,0.0005,leaf_spine,0.6473,local_group_workload
0.1563,0.3197,0.3661,0.0653,0.8371,2.3961,0.3237,2.9983,3.9983,0.7536,3315705.4979,3.5943,5.9365,1.4588,eigrp_drill_configuration,20,40960000.0,13256937.5348,0.3098,0.4093,2797410.5725,0.0005,leaf_spine,0.3237,local_group_workload
0.5011,0.6393,0.717,0.1622,0.881,4.7922,0.6473,2.9983,3.9983,1.5072,6631410.9957,4.116,6.6334,2.9175,eigrp_drill_configuration,40,40960000.0,26513875.0695,0.3098,0.8186,3308577.2314,0.0005,leaf_spine,0.6473,local_group_workload
0.1563,0.3171,0.3646,0.0652,0.8373,2.8018,0.3231,2.9981,3.9981,0.7523,3310044.1953,3.5912,5.9186,1.4571,conga_configuration,20,40960000.0,13233693.087,0.3099,0.4087,2792818.1111,0.0006,informed_leaf_spine,0.3231,random_workload
0.5012,0.6342,0.7162,0.1572,0.8816,5.6035,0.6462,2.9981,3.9981,1.5046,6620088.3906,4.1165,6.6072,2.9142,conga_configuration,40,40960000.0,26467386.1739,0.3099,0.8174,3302033.4796,0.0006,informed_leaf_spine,0.6462,random_workload
0.9226,0.7812,0.0057,0.0133,0.1628,32.9671,0.0779,4.8068,5.7793,0.0785,331092.1086,0.0215,0.0358,0.0505,ospf_drill_configuration,2,24576000.0,1913709.5014,0.9688,1.2069,25611.2538,0.0522,fat_tree,0.0779,incast
0.9676,8.7686,0.0238,0.0362,0.0309,329.6711,0.7787,4.8068,5.7793,0.785,3310921.0858,0.0215,0.0359,0.2051,ospf_drill_configuration,20,24576000.0,19137095.0139,0.9723,12.076,107168.387,0.0522,fat_tree,0.7787,incast
0.2011,0.3851,0.4168,0.3217,0.853,2.8018,0.7991,4.9334,5.9334,0.8067,3310044.1953,3.4481,5.3799,1.4528,ospf_drill_configuration,20,24576000.0,19639662.0391,0.2771,0.3913,2644305.6278,0.0004,fat_tree,0.7991,random_workload
0.0433,0.039,0.001,0.0003,0.8139,1.5806,0.0027,2.2771,3.2485,0.0045,20591.6892,0.2025,0.3458,0.0025,ospf_ecmp_configuration,1,24576000.0,66967.3822,0.9882,0.056,19699.1825,0.0564,informed_fat_tree,0.0027,incast
0.8519,1.1389,0.3647,0.0902,0.8844,13.2345,0.3231,2.9981,3.9981,0.7523,3310044.1953,0.608,0.9392,1.4575,rip_configuration,20,40960000.0,13233693.087,0.3115,0.415,490304.6504,0.003,informed_leaf_spine,0.3231,random_workload
0.9259,2.2778,0.7163,0.1738,0.8765,26.4691,0.6462,2.9981,3.9981,1.5046,6620088.3906,0.608,0.9392,2.915,rip_configuration,40,40960000.0,26467386.1739,0.3115,0.83,490815.0168,0.003,informed_leaf_spine,0.6462,random_workload
0.8519,1.1389,0.3647,0.0902,0.8844,13.2345,0.3231,2.9981,3.9981,0.7523,3310044.1953,0.608,0.9392,1.4575,ospf_configuration,20,40960000.0,13233693.087,0.3115,0.415,490304.6504,0.003,informed_leaf_spine,0.3231,random_workload
0.9259,2.2778,0.7163,0.1738,0.8765,26.4691,0.6462,2.9981,3.9981,1.5046,6620088.3906,0.608,0.9392,2.915,ospf_configuration,40,40960000.0,26467386.1739,0.3115,0.83,490815.0168,0.003,informed_leaf_spine,0.6462,random_workload
0.8519,1.1389,0.3647,0.0902,0.8844,13.2345,0.3231,2.9981,3.9981,0.7523,3310044.1953,0.608,0.9392,1.4575,eigrp_configuration,20,40960000.0,13233693.087,0.3115,0.415,490304.6504,0.003,informed_leaf_spine,0.3231,random_workload
0.9259,2.2778,0.7163,0.1738,0.8765,26.4691,0.6462,2.9981,3.9981,1.5046,6620088.3906,0.608,0.9392,2.915,eigrp_configuration,40,40960000.0,26467386.1739,0.3115,0.83,490815.0168,0.003,informed_leaf_spine,0.6462,random_workload
0.1563,0.3237,0.3646,0.0652,0.8373,2.8018,0.3231,2.9981,3.9981,0.7523,3310044.1953,3.5912,5.9186,1.4571,ospf_ecmp_configuration,20,40960000.0,13233693.087,0.3099,0.4087,2792817.7957,0.0006,informed_leaf_spine,0.3231,random_workload
0.5012,0.6473,0.7162,0.1724,0.8816,5.6035,0.6462,2.9981,3.9981,1.5046,6620088.3906,4.1165,6.6072,2.9142,ospf_ecmp_configuration,40,40960000.0,26467386.1739,0.3099,0.8174,3302017.5703,0.0006,informed_leaf_spine,0.6462,random_workload
0.1563,0.3173,0.3646,0.0652,0.8373,2.8018,0.3231,2.9981,3.9981,0.7523,3310044.1953,3.5912,5.9186,1.4571,eigrp_ecmp_configuration,20,40960000.0,13233693.087,0.3099,0.4087,2792818.1111,0.0006,informed_leaf_spine,0.3231,random_workload
0.5012,0.6347,0.7162,0.1566,0.8816,5.6035,0.6462,2.9981,3.9981,1.5046,6620088.3906,4.1165,6.6073,2.9142,eigrp_ecmp_configuration,40,40960000.0,26467386.1739,0.3099,0.8174,3302033.8793,0.0006,informed_leaf_spine,0.6462,random_workload
0.9476,1.5625,0.0064,0.0293,0.0792,65.9342,0.1557,4.8068,5.7793,0.157,662184.2172,0.0215,0.0359,0.1011,ospf_drill_configuration,4,24576000.0,3827419.0028,0.9688,2.4137,34673.1575,0.0522,fat_tree,0.1557,incast
0.9701,17.5754,0.0321,0.0461,0.0263,659.3422,1.5574,4.8068,5.7793,1.57,6621842.1715,0.0215,0.0359,0.4092,ospf_drill_configuration,40,24576000.0,38274190.0277,0.9724,24.1525,197787.424,0.0522,fat_tree,1.5574,incast
0.5433,0.7703,0.7832,0.7439,0.8979,5.6035,1.5983,4.9334,5.9334,1.6133,6620088.3906,3.8271,5.7845,2.9057,ospf_drill_configuration,40,24576000.0,39279324.0781,0.2771,0.7825,3023315.7241,0.0004,fat_tree,1.5983,random_workload
0.0433,0.0389,0.001,0.0003,0.8087,1.5806,0.0027,2.2771,3.2485,0.0045,20591.6892,0.1986,0.3444,0.0025,eigrp_ecmp_configuration,1,24576000.0,66967.3822,0.9881,0.056,19699.1825,0.0564,informed_fat_tree,0.0027,incast
0.1563,0.3236,0.3646,0.0652,0.8373,2.8018,0.3231,2.9981,3.9981,0.7523,3310044.1953,3.5912,5.9186,1.4571,ospf_drill_configuration,20,40960000.0,13233693.087,0.3099,0.4087,2792817.7417,0.0006,informed_leaf_spine,0.3231,random_workload
0.5012,0.6472,0.7162,0.1717,0.8816,5.6035,0.6462,2.9981,3.9981,1.5046,6620088.3906,4.1165,6.6072,2.9142,ospf_drill_configuration,40,40960000.0,26467386.1739,0.3099,0.8174,3302025.3066,0.0006,informed_leaf_spine,0.6462,random_workload
0.1563,0.3174,0.3646,0.0652,0.8373,2.8018,0.3231,2.9981,3.9981,0.7523,3310044.1953,3.5912,5.9186,1.4571,eigrp_drill_configuration,20,40960000.0,13233693.087,0.3099,0.4087,2792818.1111,0.0006,informed_leaf_spine,0.3231,random_workload
0.5012,0.6348,0.7162,0.1569,0.8816,5.6035,0.6462,2.9981,3.9981,1.5046,6620088.3906,4.1165,6.6073,2.9142,eigrp_drill_configuration,40,40960000.0,26467386.1739,0.3099,0.8174,3302033.7203,0.0006,informed_leaf_spine,0.6462,random_workload
0.1563,0.3294,0.3661,0.0653,0.8371,2.3961,0.2874,2.5495,3.5495,0.7494,3315705.4979,3.5943,5.9365,1.4588,conga_configuration,20,40960000.0,11770276.6259,0.3148,0.4133,2797410.764,0.0006,informed_leaf_spine,0.2874,local_group_workload
0.5011,0.6587,0.7011,0.1533,0.881,4.7922,0.5747,2.5495,3.5495,1.4989,6631410.9957,4.116,6.6334,2.9175,conga_configuration,40,40960000.0,23540553.2518,0.3148,0.8266,3308578.3336,0.0006,informed_leaf_spine,0.5747,local_group_workload
0.6625,0.9111,0.3662,0.0902,0.512,10.4204,0.2874,2.5495,3.5495,0.7494,3315705.4979,0.8602,4.6927,1.4592,rip_configuration,20,40960000.0,11770276.6259,0.316,0.4171,1119152.1444,0.0027,informed_leaf_spine,0.2874,local_group_workload
0.8139,1.8221,0.7012,0.174,0.4854,20.8408,0.5747,2.5495,3.5495,1.4989,6631410.9957,0.8656,5.2259,2.9185,rip_configuration,40,40960000.0,23540553.2518,0.316,0.8341,1234042.7982,0.0027,informed_leaf_spine,0.5747,local_group_workload
0.6625,0.9111,0.3662,0.0902,0.512,10.4204,0.2874,2.5495,3.5495,0.7494,3315705.4979,0.8602,4.6927,1.4592,ospf_configuration,20,40960000.0,11770276.6259,0.316,0.4171,1119152.1444,0.0027,informed_leaf_spine,0.2874,local_group_workload
0.8139,1.8221,0.7012,0.174,0.4854,20.8408,0.5747,2.5495,3.5495,1.4989,6631410.9957,0.8656,5.2259,2.9185,ospf_configuration,40,40960000.0,23540553.2518,0.316,0.8341,1234042.7982,0.0027,informed_leaf_spine,0.5747,local_group_workload
0.9226,0.7757,0.0057,0.0137,0.3585,32.9671,0.0779,4.8068,5.7793,0.0785,331092.1086,0.0215,0.0357,0.0564,eigrp_drill_configuration,2,24576000.0,1913709.5014,0.9686,1.2068,25611.2538,0.0522,fat_tree,0.0779,incast
0.9676,7.9637,0.031,0.0911,0.041,329.6711,0.7787,4.8068,5.7793,0.785,3310921.0858,0.0215,0.0359,0.4608,eigrp_drill_configuration,20,24576000.0,19137095.0139,0.9692,12.0696,107168.387,0.0522,fat_tree,0.7787,incast
0.1834,0.3725,0.4168,0.3267,0.8491,2.8018,0.7991,4.9334,5.9334,0.8067,3310044.1953,3.5212,5.5404,1.4528,eigrp_drill_configuration,20,24576000.0,19639662.0391,0.2771,0.3912,2702900.519,0.0004,fat_tree,0.7991,random_workload
0.0433,0.039,0.001,0.0003,0.8139,1.5806,0.0027,2.2771,3.2485,0.0045,20591.6892,0.2025,0.3458,0.0025,ospf_drill_configuration,1,24576000.0,66967.3822,0.9882,0.056,19699.1825,0.0564,informed_fat_tree,0.0027,incast
0.6625,0.9111,0.3662,0.0902,0.512,10.4204,0.2874,2.5495,3.5495,0.7494,3315705.4979,0.8602,4.6927,1.4592,eigrp_configuration,20,40960000.0,11770276.6259,0.316,0.4171,1119152.1444,0.0027,informed_leaf_spine,0.2874,local_group_workload
0.8139,1.8221,0.7012,0.174,0.4854,20.8408,0.5747,2.5495,3.5495,1.4989,6631410.9957,0.8656,5.2259,2.9185,eigrp_configuration,40,40960000.0,23540553.2518,0.316,0.8341,1234042.7982,0.0027,informed_leaf_spine,0.5747,local_group_workload
0.1563,0.3318,0.3661,0.0653,0.8371,2.3961,0.2874,2.5495,3.5495,0.7494,3315705.4979,3.5943,5.9365,1.4588,ospf_ecmp_configuration,20,40960000.0,11770276.6259,0.3148,0.4133,2797410.764,0.0006,informed_leaf_spine,0.2874,local_group_workload
0.5011,0.6635,0.7011,0.1557,0.881,4.7922,0.5747,2.5495,3.5495,1.4989,6631410.9957,4.116,6.6334,2.9175,ospf_ecmp_configuration,40,40960000.0,23540553.2518,0.3148,0.8266,3308578.4732,0.0006,informed_leaf_spine,0.5747,local_group_workload
0.1563,0.3269,0.3661,0.0653,0.8371,2.3961,0.2874,2.5495,3.5495,0.7494,3315705.4979,3.5943,5.9365,1.4588,eigrp_ecmp_configuration,20,40960000.0,11770276.6259,0.3148,0.4133,2797410.764,0.0006,informed_leaf_spine,0.2874,local_group_workload
0.5011,0.6539,0.7011,0.1501,0.881,4.7922,0.5747,2.5495,3.5495,1.4989,6631410.9957,4.116,6.6334,2.9175,eigrp_ecmp_configuration,40,40960000.0,23540553.2518,0.3148,0.8266,3308578.7056,0.0006,informed_leaf_spine,0.5747,local_group_workload
0.1563,0.3345,0.3661,0.0653,0.8371,2.3961,0.2874,2.5495,3.5495,0.7494,3315705.4979,3.5943,5.9365,1.4588,ospf_drill_configuration,20,40960000.0,11770276.6259,0.3148,0.4133,2797409.6495,0.0006,informed_leaf_spine,0.2874,local_group_workload
0.5011,0.669,0.7011,0.1611,0.881,4.7922,0.5747,2.5495,3.5495,1.4989,6631410.9957,4.116,6.6334,2.9175,ospf_drill_configuration,40,40960000.0,23540553.2518,0.3148,0.8266,3308575.1566,0.0006,informed_leaf_spine,0.5747,local_group_workload
0.1563,0.3284,0.3661,0.0653,0.8371,2.3961,0.2874,2.5495,3.5495,0.7494,3315705.4979,3.5943,5.9365,1.4588,eigrp_drill_configuration,20,40960000.0,11770276.6259,0.3148,0.4133,2797410.764,0.0006,informed_leaf_spine,0.2874,local_group_workload
0.5011,0.6567,0.7011,0.1516,0.881,4.7922,0.5747,2.5495,3.5495,1.4989,6631410.9957,4.116,6.6334,2.9175,eigrp_drill_configuration,40,40960000.0,23540553.2518,0.3148,0.8266,3308577.9228,0.0006,informed_leaf_spine,0.5747,local_group_workload
0.9476,1.5515,0.0065,0.0252,0.1628,65.9342,0.1557,4.8068,5.7793,0.157,662184.2172,0.0215,0.0358,0.1127,eigrp_drill_configuration,4,24576000.0,3827419.0028,0.9686,2.4137,34673.1575,0.0522,fat_tree,0.1557,incast
0.9701,16.1549,0.0467,0.0909,0.0309,659.3422,1.5574,4.8068,5.7793,1.57,6621842.1715,0.0215,0.0359,0.7548,eigrp_drill_configuration,40,24576000.0,38274190.0277,0.9697,24.1408,197787.424,0.0522,fat_tree,1.5574,incast
0.5289,0.7451,0.7833,0.7518,0.8962,5.6035,1.5983,4.9334,5.9334,1.6133,6620088.3906,3.9442,5.9855,2.9057,eigrp_drill_configuration,40,24576000.0,39279324.0781,0.2771,0.7824,3118457.7328,0.0004,fat_tree,1.5983,random_workload
0.0433,0.039,0.001,0.0003,0.8087,1.5806,0.0027,2.2771,3.2485,0.0045,20591.6892,0.1986,0.3444,0.0025,eigrp_drill_configuration,1,24576000.0,66967.3822,0.9882,0.056,19699.1825,0.0564,informed_fat_tree,0.0027,incast
0.1957,0.3784,0.4185,0.3217,0.8508,2.3961,0.8007,4.9353,5.9353,0.8081,3315705.4979,3.467,5.4651,1.4546,conga_configuration,20,24576000.0,19678447.4778,0.277,0.3917,2666732.2919,0.0004,fat_tree,0.8007,local_group_workload
0.9226,0.8516,0.0041,0.0026,0.1628,32.9671,0.0437,2.2682,3.2407,0.073,331092.1086,0.0215,0.0358,0.0141,conga_configuration,2,24576000.0,1073171.9774,0.9735,1.2271,25611.2538,0.093,informed_fat_tree,0.0437,incast
0.9676,8.5157,0.0053,0.0064,0.0309,329.6711,0.4367,2.2682,3.2407,0.7295,3310921.0858,0.0215,0.0359,0.1408,conga_configuration,20,24576000.0,10731719.7744,0.9735,12.271,107168.387,0.093,informed_fat_tree,0.4367,incast
0.0433,0.0353,0.001,0.0003,0.8139,1.5806,0.0037,3.4396,4.411,0.0047,20591.6892,0.2025,0.3458,0.0033,conga_configuration,1,24576000.0,90770.3057,0.9818,0.0551,19699.1825,0.0416,jellyfish,0.0037,incast
0.5395,0.7567,0.7835,0.7521,0.8957,4.7922,1.6014,4.9353,5.9353,1.6161,6631410.9957,3.8529,5.8921,2.9091,conga_configuration,40,24576000.0,39356894.9557,0.277,0.7834,3053908.4944,0.0004,fat_tree,1.6014,local_group_workload
0.9476,1.7031,0.0049,0.0028,0.0792,65.9342,0.0873,2.2682,3.2407,0.1459,662184.2172,0.0215,0.0359,0.0282,conga_configuration,4,24576000.0,2146343.9549,0.9735,2.4542,34673.1575,0.093,informed_fat_tree,0.0873,incast
0.9701,17.0313,0.0053,0.0114,0.0263,659.3422,0.8733,2.2682,3.2407,1.4591,6621842.1715,0.0215,0.0359,0.2815,conga_configuration,40,24576000.0,21463439.5488,0.9735,24.542,197787.424,0.093,informed_fat_tree,0.8733,incast
0.0433,0.0358,0.001,0.0003,0.8139,1.5806,0.0037,3.4396,4.411,0.0047,20591.6892,0.2025,0.3458,0.0032,rip_configuration,1,24576000.0,90770.3057,0.9833,0.0551,19699.1825,0.0416,jellyfish,0.0037,incast
0.9915,8.1082,0.3858,0.131,0.0411,327.315,0.8007,4.9353,5.9353,0.8081,3315705.4979,0.0207,0.035,1.4681,rip_configuration,20,24576000.0,19678447.4778,0.3841,2.4012,28055.4828,0.0522,fat_tree,0.8007,local_group_workload
0.9477,1.8039,0.0038,0.0021,0.0777,261.4549,0.0437,2.2682,3.2407,0.073,331092.1086,0.0034,0.0319,0.0138,rip_configuration,2,24576000.0,1073171.9774,0.9779,1.2335,17306.7541,0.377,informed_fat_tree,0.0437,incast
0.9701,18.0393,0.0045,0.0059,0.0263,2614.549,0.4367,2.2682,3.2407,0.7295,3310921.0858,0.0034,0.032,0.1375,rip_configuration,20,24576000.0,10731719.7744,0.9779,12.3348,98863.8873,0.377,informed_fat_tree,0.4367,incast
0.0433,0.0357,0.001,0.0003,0.8139,1.5806,0.0037,3.4396,4.411,0.0047,20591.6892,0.2025,0.3458,0.0032,ospf_configuration,1,24576000.0,90770.3057,0.9831,0.0551,19699.1825,0.0416,jellyfish,0.0037,incast
0.9956,16.2164,0.7221,0.2705,0.0348,654.63,1.6014,4.9353,5.9353,1.6161,6631410.9957,0.0207,0.035,2.9362,rip_configuration,40,24576000.0,39356894.9557,0.3841,4.8023,28882.0606,0.0522,fat_tree,1.6014,local_group_workload
0.9602,3.6079,0.0038,0.0025,0.0463,522.9098,0.0873,2.2682,3.2407,0.1459,662184.2172,0.0034,0.032,0.0275,rip_configuration,4,24576000.0,2146343.9549,0.9779,2.467,26368.6578,0.377,informed_fat_tree,0.0873,incast
0.9714,36.0786,0.0062,0.016,0.0241,5229.098,0.8733,2.2682,3.2407,1.4591,6621842.1715,0.0034,0.032,0.275,rip_configuration,40,24576000.0,21463439.5488,0.9779,24.6696,189482.9243,0.377,informed_fat_tree,0.8733,incast
0.0433,0.0357,0.001,0.0003,0.8087,1.5806,0.0037,3.4396,4.411,0.0047,20591.6892,0.1986,0.3444,0.0032,eigrp_configuration,1,24576000.0,90770.3057,0.9831,0.0551,19699.1825,0.0416,jellyfish,0.0037,incast
0.9476,1.561,0.0066,0.0289,0.0792,65.9342,0.1557,4.8068,5.7793,0.157,662184.2172,0.0215,0.0359,0.1024,conga_configuration,4,24576000.0,3827419.0028,0.9688,2.4137,34673.1575,0.0522,fat_tree,0.1557,incast
0.9701,15.6099,0.0524,0.0895,0.0263,659.3422,1.5574,4.8068,5.7793,1.57,6621842.1715,0.0215,0.0359,1.0241,conga_configuration,40,24576000.0,38274190.0277,0.9688,24.1373,197787.424,0.0522,fat_tree,1.5574,incast
0.5257,0.0766,0.0011,0.0012,0.7511,5.1781,0.0048,4.8007,5.7721,0.0049,20591.6892,0.0846,0.2135,0.0027,rip_configuration,1,24576000.0,118894.7386,0.9887,0.057,9765.7767,0.1117,fat_tree,0.0048,incast
0.5379,0.756,0.7832,0.7519,0.8944,5.6035,1.5983,4.9334,5.9334,1.6133,6620088.3906,3.8563,5.9243,2.9057,conga_configuration,40,24576000.0,39279324.0781,0.2771,0.7825,3059371.2046,0.0004,fat_tree,1.5983,random_workload
0.9915,8.1082,0.3858,0.131,0.0411,327.315,0.8007,4.9353,5.9353,0.8081,3315705.4979,0.0207,0.035,1.4681,ospf_configuration,20,24576000.0,19678447.4778,0.3841,2.4012,28055.4828,0.016,fat_tree,0.8007,local_group_workload
0.9477,1.8037,0.0038,0.0021,0.0778,261.4549,0.0437,2.2682,3.2407,0.073,331092.1086,0.0034,0.032,0.0138,ospf_configuration,2,24576000.0,1073171.9774,0.9779,1.2335,17312.4881,0.2087,informed_fat_tree,0.0437,incast
0.9701,18.0393,0.0045,0.0059,0.0263,2614.549,0.4367,2.2682,3.2407,0.7295,3310921.0858,0.0034,0.032,0.1375,ospf_configuration,20,24576000.0,10731719.7744,0.9779,12.3348,98863.8873,0.2087,informed_fat_tree,0.4367,incast
0.0433,0.0352,0.001,0.0003,0.8139,1.5806,0.0037,3.4396,4.411,0.0047,20591.6892,0.2025,0.3458,0.0032,ospf_ecmp_configuration,1,24576000.0,90770.3057,0.9817,0.0551,19699.1825,0.0416,jellyfish,0.0037,incast
0.9956,16.2164,0.7221,0.2705,0.0348,654.63,1.6014,4.9353,5.9353,1.6161,6631410.9957,0.0207,0.035,2.9362,ospf_configuration,40,24576000.0,39356894.9557,0.3841,4.8023,28882.0606,0.016,fat_tree,1.6014,local_group_workload
0.9602,3.6079,0.0038,0.0025,0.0463,522.9098,0.0873,2.2682,3.2407,0.1459,662184.2172,0.0034,0.032,0.0275,ospf_configuration,4,24576000.0,2146343.9549,0.9779,2.467,26368.6578,0.2087,informed_fat_tree,0.0873,incast
0.9714,36.0786,0.0062,0.016,0.0241,5229.098,0.8733,2.2682,3.2407,1.4591,6621842.1715,0.0034,0.032,0.275,ospf_configuration,40,24576000.0,21463439.5488,0.9779,24.6696,189482.9243,0.2087,informed_fat_tree,0.8733,incast
0.9895,6.8825,0.3869,0.1376,0.058,262.6394,0.8007,4.9353,5.9353,0.8081,3315705.4979,0.0244,0.0532,1.4731,eigrp_configuration,20,24576000.0,19678447.4778,0.3821,2.0467,34970.7055,0.0327,fat_tree,0.8007,local_group_workload
0.9467,1.6327,0.0038,0.0018,0.1612,224.0741,0.0437,2.2682,3.2407,0.073,331092.1086,0.0051,0.0319,0.0139,eigrp_configuration,2,24576000.0,1073171.9774,0.9774,1.2319,17661.9038,0.3021,informed_fat_tree,0.0437,incast
0.9699,13.9186,0.004,0.0038,0.0318,1307.2745,0.4367,2.2682,3.2407,0.7295,3310921.0858,0.0063,0.032,0.1399,eigrp_configuration,20,24576000.0,10731719.7744,0.9776,12.3016,99748.6945,0.1117,informed_fat_tree,0.4367,incast
0.9596,3.2802,0.0039,0.0029,0.0812,520.3062,0.0873,2.2682,3.2407,0.1459,662184.2172,0.0055,0.032,0.0277,eigrp_configuration,4,24576000.0,2146343.9549,0.9776,2.464,26762.7498,0.2507,informed_fat_tree,0.0873,incast
0.9713,27.8372,0.0054,0.0102,0.0267,2614.549,0.8733,2.2682,3.2407,1.4591,6621842.1715,0.0063,0.032,0.2797,eigrp_configuration,40,24576000.0,21463439.5488,0.9776,24.6033,190367.7315,0.1117,informed_fat_tree,0.8733,incast
0.2223,0.3954,0.4184,0.317,0.8554,2.4897,0.8007,4.9353,5.9353,0.8081,3315705.4979,3.3473,5.2472,1.4546,ospf_ecmp_configuration,20,24576000.0,19678447.4778,0.2771,0.3919,2578544.4254,0.0004,fat_tree,0.8007,local_group_workload
0.9226,0.8515,0.0041,0.0027,0.1628,32.9671,0.0437,2.2682,3.2407,0.073,331092.1086,0.0215,0.0358,0.0137,ospf_ecmp_configuration,2,24576000.0,1073171.9774,0.9731,1.2271,25611.2538,0.093,informed_fat_tree,0.0437,incast
0.9695,17.3802,0.0048,0.0054,0.0274,2610.4339,0.4367,2.2682,3.2407,0.7295,3310921.0858,0.0143,0.0356,0.1391,ospf_ecmp_configuration,20,24576000.0,10731719.7744,0.9772,12.3255,100986.8297,0.1862,informed_fat_tree,0.4367,incast
0.5576,0.7908,0.7834,0.7404,0.897,4.9793,1.6014,4.9353,5.9353,1.6161,6631410.9957,3.6973,5.663,2.9092,ospf_ecmp_configuration,40,24576000.0,39356894.9557,0.2771,0.7837,2933780.4783,0.0004,fat_tree,1.6014,local_group_workload
0.9476,1.703,0.0049,0.0028,0.0792,65.9342,0.0873,2.2682,3.2407,0.1459,662184.2172,0.0215,0.0359,0.0273,ospf_ecmp_configuration,4,24576000.0,2146343.9549,0.9731,2.4542,34673.1575,0.093,informed_fat_tree,0.0873,incast
0.9711,34.7829,0.0056,0.0129,0.0247,5220.8678,0.8733,2.2682,3.2407,1.4591,6621842.1715,0.0142,0.0356,0.2782,ospf_ecmp_configuration,40,24576000.0,21463439.5488,0.9772,24.6513,191591.1324,0.1862,informed_fat_tree,0.8733,incast
0.1962,0.3785,0.4184,0.3225,0.8517,2.3961,0.8007,4.9353,5.9353,0.8081,3315705.4979,3.4705,5.4446,1.4546,eigrp_ecmp_configuration,20,24576000.0,19678447.4778,0.277,0.3917,2665259.0311,0.0004,fat_tree,0.8007,local_group_workload
0.9226,0.8514,0.0041,0.0026,0.3585,32.9671,0.0437,2.2682,3.2407,0.073,331092.1086,0.0215,0.0357,0.0137,eigrp_ecmp_configuration,2,24576000.0,1073171.9774,0.9731,1.2271,25611.2538,0.093,informed_fat_tree,0.0437,incast
0.9681,10.9854,0.0052,0.0071,0.039,1307.2745,0.4367,2.2682,3.2407,0.7295,3310921.0858,0.0204,0.0359,0.1391,eigrp_ecmp_configuration,20,24576000.0,10731719.7744,0.9743,12.2815,105595.2478,0.1274,informed_fat_tree,0.4367,incast
0.5383,0.757,0.7835,0.7503,0.8967,4.7922,1.6014,4.9353,5.9353,1.6161,6631410.9957,3.8651,5.8904,2.9091,eigrp_ecmp_configuration,40,24576000.0,39356894.9557,0.277,0.7835,3061600.2778,0.0004,fat_tree,1.6014,local_group_workload
0.9476,1.7028,0.0049,0.0028,0.1628,65.9342,0.0873,2.2682,3.2407,0.1459,662184.2172,0.0215,0.0358,0.0274,eigrp_ecmp_configuration,4,24576000.0,2146343.9549,0.9731,2.4542,34673.1575,0.093,informed_fat_tree,0.0873,incast
0.9706,24.8206,0.0058,0.0123,0.0291,2614.549,0.8733,2.2682,3.2407,1.4591,6621842.1715,0.0189,0.0359,0.2792,eigrp_ecmp_configuration,40,24576000.0,21463439.5488,0.9754,24.5806,194743.9511,0.1256,informed_fat_tree,0.8733,incast
0.2137,0.3937,0.4184,0.322,0.8551,2.3961,0.8007,4.9353,5.9353,0.8081,3315705.4979,3.3942,5.2903,1.4546,ospf_drill_configuration,20,24576000.0,19678447.4778,0.2771,0.3918,2607269.7687,0.0004,fat_tree,0.8007,local_group_workload
0.9226,0.8529,0.0042,0.0027,0.1628,32.9671,0.0437,2.2682,3.2407,0.073,331092.1086,0.0215,0.0358,0.0137,ospf_drill_configuration,2,24576000.0,1073171.9774,0.9732,1.2271,25611.2538,0.093,informed_fat_tree,0.0437,incast
0.9694,16.8664,0.0043,0.0037,0.0276,2610.4339,0.4367,2.2682,3.2407,0.7295,3310921.0858,0.0153,0.0355,0.1391,ospf_drill_configuration,20,24576000.0,10731719.7744,0.9772,12.3179,101324.4787,0.1958,informed_fat_tree,0.4367,incast
0.5536,0.7874,0.7834,0.74,0.8981,4.7922,1.6014,4.9353,5.9353,1.6161,6631410.9957,3.7403,5.6768,2.9091,ospf_drill_configuration,40,24576000.0,39356894.9557,0.2771,0.7836,2960072.1744,0.0004,fat_tree,1.6014,local_group_workload
0.9476,1.7058,0.0049,0.0027,0.0792,65.9342,0.0873,2.2682,3.2407,0.1459,662184.2172,0.0215,0.0359,0.0273,ospf_drill_configuration,4,24576000.0,2146343.9549,0.9732,2.4542,34673.1575,0.093,informed_fat_tree,0.0873,incast
0.971,33.721,0.006,0.0139,0.0248,5220.8678,0.8733,2.2682,3.2407,1.4591,6621842.1715,0.0153,0.0355,0.2786,ospf_drill_configuration,40,24576000.0,21463439.5488,0.9772,24.6357,191942.6368,0.1958,informed_fat_tree,0.8733,incast
0.5016,0.0748,0.0011,0.0012,0.7373,5.027,0.0048,4.8007,5.7721,0.0049,20591.6892,0.0872,0.2358,0.0027,ospf_configuration,1,24576000.0,118894.7386,0.9882,0.0569,10263.4692,0.1089,fat_tree,0.0048,incast
0.9467,1.469,0.0075,0.0037,0.0816,88.336,0.0779,4.8068,5.7793,0.0785,331092.1086,0.0101,0.026,0.014,rip_configuration,2,24576000.0,1913709.5014,0.9784,1.2305,17642.901,0.1176,fat_tree,0.0779,incast
0.97,14.6904,0.0092,0.0069,0.0265,883.3603,0.7787,4.8068,5.7793,0.785,3310921.0858,0.0101,0.0261,0.1402,rip_configuration,20,24576000.0,19137095.0139,0.9784,12.3049,99200.0342,0.1176,fat_tree,0.7787,incast
0.9913,8.0909,0.3843,0.1308,0.0393,325.3571,0.7991,4.9334,5.9334,0.8067,3310044.1953,0.0207,0.0352,1.4664,rip_configuration,20,24576000.0,19639662.0391,0.3841,2.3961,28677.4813,0.0522,fat_tree,0.7991,random_workload
0.1893,0.3768,0.4186,0.3266,0.8506,2.3961,0.8007,4.9353,5.9353,0.8081,3315705.4979,3.5031,5.4959,1.4546,eigrp_drill_configuration,20,24576000.0,19678447.4778,0.277,0.3917,2688136.5477,0.0004,fat_tree,0.8007,local_group_workload
0.9226,0.8523,0.0041,0.0027,0.3585,32.9671,0.0437,2.2682,3.2407,0.073,331092.1086,0.0215,0.0357,0.0137,eigrp_drill_configuration,2,24576000.0,1073171.9774,0.9732,1.2271,25611.2538,0.093,informed_fat_tree,0.0437,incast
0.9682,11.3623,0.0051,0.0064,0.0387,1307.2745,0.4367,2.2682,3.2407,0.7295,3310921.0858,0.0202,0.0359,0.1376,eigrp_drill_configuration,20,24576000.0,10731719.7744,0.9746,12.2853,105343.9349,0.1311,informed_fat_tree,0.4367,incast
0.5342,0.7536,0.7835,0.7496,0.897,4.7922,1.6014,4.9353,5.9353,1.6161,6631410.9957,3.9036,5.9297,2.9091,eigrp_drill_configuration,40,24576000.0,39356894.9557,0.277,0.7834,3088767.2939,0.0004,fat_tree,1.6014,local_group_workload
0.9476,1.7046,0.0049,0.0028,0.1628,65.9342,0.0873,2.2682,3.2407,0.1459,662184.2172,0.0215,0.0358,0.0275,eigrp_drill_configuration,4,24576000.0,2146343.9549,0.9732,2.4542,34673.1575,0.093,informed_fat_tree,0.0873,incast
0.9706,25.0242,0.006,0.0129,0.0291,2614.549,0.8733,2.2682,3.2407,1.4591,6621842.1715,0.0188,0.0359,0.279,eigrp_drill_configuration,40,24576000.0,21463439.5488,0.9755,24.5829,194657.6703,0.126,informed_fat_tree,0.8733,incast
0.1967,0.378,0.4168,0.32,0.8499,2.8018,0.7991,4.9334,5.9334,0.8067,3310044.1953,3.4503,5.4665,1.4528,conga_configuration,20,24576000.0,19639662.0391,0.2771,0.3912,2658857.1129,0.0004,informed_fat_tree,0.7991,random_workload
0.9226,0.7701,0.0058,0.0107,0.1628,32.9671,0.0596,3.4504,4.4229,0.0755,331092.1086,0.0215,0.0358,0.0245,conga_configuration,2,24576000.0,1464253.072,0.9711,1.2069,25611.2538,0.0682,jellyfish,0.0596,incast
0.9676,7.7012,0.0173,0.0488,0.0309,329.6711,0.5958,3.4504,4.4229,0.7553,3310921.0858,0.0215,0.0359,0.2453,conga_configuration,20,24576000.0,14642530.7203,0.9711,12.0687,107168.387,0.0682,jellyfish,0.5958,incast
0.5379,0.756,0.7832,0.7519,0.8944,5.6035,1.5983,4.9334,5.9334,1.6133,6620088.3906,3.8563,5.9243,2.9057,conga_configuration,40,24576000.0,39279324.0781,0.2771,0.7825,3059371.2046,0.0004,informed_fat_tree,1.5983,random_workload
0.9476,1.5402,0.0065,0.0217,0.0792,65.9342,0.1192,3.4504,4.4229,0.1511,662184.2172,0.0215,0.0359,0.0491,conga_configuration,4,24576000.0,2928506.1441,0.9711,2.4137,34673.1575,0.0682,jellyfish,0.1192,incast
0.9701,15.4023,0.0321,0.0525,0.0263,659.3422,1.1916,3.4504,4.4229,1.5107,6621842.1715,0.0215,0.0359,0.4907,conga_configuration,40,24576000.0,29285061.4406,0.9711,24.1374,197787.424,0.0682,jellyfish,1.1916,incast
0.9913,8.0909,0.3843,0.1308,0.0393,325.3571,0.7991,4.9334,5.9334,0.8067,3310044.1953,0.0207,0.0352,1.4664,rip_configuration,20,24576000.0,19639662.0391,0.3841,2.3961,28677.4813,0.0522,informed_fat_tree,0.7991,random_workload
0.9226,0.7797,0.0058,0.0105,0.1628,32.9671,0.0596,3.4504,4.4229,0.0755,331092.1086,0.0215,0.0358,0.0207,rip_configuration,2,24576000.0,1464253.072,0.9724,1.207,25611.2538,0.0682,jellyfish,0.0596,incast
0.9676,7.7967,0.0175,0.041,0.0309,329.6711,0.5958,3.4504,4.4229,0.7553,3310921.0858,0.0215,0.0359,0.2074,rip_configuration,20,24576000.0,14642530.7203,0.9724,12.0697,107168.387,0.0682,jellyfish,0.5958,incast
0.9955,16.1818,0.7219,0.2702,0.0327,650.7142,1.5983,4.9334,5.9334,1.6133,6620088.3906,0.0207,0.0352,2.9327,rip_configuration,40,24576000.0,39279324.0781,0.3841,4.7922,29706.5352,0.0522,informed_fat_tree,1.5983,random_workload
0.9476,1.5593,0.0067,0.0202,0.0792,65.9342,0.1192,3.4504,4.4229,0.1511,662184.2172,0.0215,0.0359,0.0415,rip_configuration,4,24576000.0,2928506.1441,0.9724,2.4139,34673.1575,0.0682,jellyfish,0.1192,incast
0.9701,15.5934,0.0277,0.0457,0.0263,659.3422,1.1916,3.4504,4.4229,1.5107,6621842.1715,0.0215,0.0359,0.4148,rip_configuration,40,24576000.0,29285061.4406,0.9724,24.1394,197787.424,0.0682,jellyfish,1.1916,incast
0.9913,8.0909,0.3843,0.1308,0.0393,325.3571,0.7991,4.9334,5.9334,0.8067,3310044.1953,0.0207,0.0352,1.4664,ospf_configuration,20,24576000.0,19639662.0391,0.3841,2.3961,28677.4813,0.016,informed_fat_tree,0.7991,random_workload
0.9226,0.7794,0.0058,0.0104,0.1628,32.9671,0.0596,3.4504,4.4229,0.0755,331092.1086,0.0215,0.0358,0.0207,ospf_configuration,2,24576000.0,1464253.072,0.9722,1.207,25611.2538,0.0682,jellyfish,0.0596,incast
0.9676,7.7756,0.02,0.0351,0.0309,329.6711,0.5958,3.4504,4.4229,0.7553,3310921.0858,0.0215,0.0359,0.2076,ospf_configuration,20,24576000.0,14642530.7203,0.9722,12.0684,107168.387,0.0682,jellyfish,0.5958,incast
0.9955,16.1818,0.7219,0.2702,0.0327,650.7142,1.5983,4.9334,5.9334,1.6133,6620088.3906,0.0207,0.0352,2.9327,ospf_configuration,40,24576000.0,39279324.0781,0.3841,4.7922,29706.5352,0.016,informed_fat_tree,1.5983,random_workload
0.9476,1.5589,0.0067,0.0201,0.0792,65.9342,0.1192,3.4504,4.4229,0.1511,662184.2172,0.0215,0.0359,0.0415,ospf_configuration,4,24576000.0,2928506.1441,0.9722,2.4139,34673.1575,0.0682,jellyfish,0.1192,incast
0.9701,15.5499,0.0331,0.0377,0.0263,659.3422,1.1916,3.4504,4.4229,1.5107,6621842.1715,0.0215,0.0359,0.4156,ospf_configuration,40,24576000.0,29285061.4406,0.9722,24.1369,197787.424,0.0682,jellyfish,1.1916,incast
0.9892,6.867,0.3854,0.1375,0.0555,260.1835,0.7991,4.9334,5.9334,0.8067,3310044.1953,0.0245,0.0533,1.4705,eigrp_configuration,20,24576000.0,19639662.0391,0.3821,2.0422,35627.7349,0.0327,informed_fat_tree,0.7991,random_workload
0.9226,0.7794,0.0058,0.0104,0.3585,32.9671,0.0596,3.4504,4.4229,0.0755,331092.1086,0.0215,0.0357,0.0207,eigrp_configuration,2,24576000.0,1464253.072,0.9722,1.207,25611.2538,0.0682,jellyfish,0.0596,incast
0.9676,7.7368,0.0186,0.044,0.041,329.6711,0.5958,3.4504,4.4229,0.7553,3310921.0858,0.0215,0.0359,0.2181,eigrp_configuration,20,24576000.0,14642530.7203,0.9719,12.0688,107168.387,0.0682,jellyfish,0.5958,incast
0.9938,12.515,0.7236,0.2813,0.0563,411.5826,1.5983,4.9334,5.9334,1.6133,6620088.3906,0.031,0.0563,2.9463,eigrp_configuration,40,24576000.0,39279324.0781,0.3808,3.7332,41286.7899,0.0196,informed_fat_tree,1.5983,random_workload
0.9476,1.5589,0.0067,0.02,0.1628,65.9342,0.1192,3.4504,4.4229,0.1511,662184.2172,0.0215,0.0358,0.0415,eigrp_configuration,4,24576000.0,2928506.1441,0.9722,2.4139,34673.1575,0.0682,jellyfish,0.1192,incast
0.9701,15.4105,0.0349,0.0484,0.0309,659.3422,1.1916,3.4504,4.4229,1.5107,6621842.1715,0.0215,0.0359,0.4638,eigrp_configuration,40,24576000.0,29285061.4406,0.9716,24.1365,197787.424,0.0682,jellyfish,1.1916,incast
0.4994,0.0747,0.0011,0.0012,0.753,5.0195,0.0048,4.8007,5.7721,0.0049,20591.6892,0.0869,0.2216,0.0027,eigrp_configuration,1,24576000.0,118894.7386,0.9881,0.0569,10308.2596,0.1087,fat_tree,0.0048,incast
0.9597,2.9381,0.0085,0.0038,0.0476,176.6721,0.1557,4.8068,5.7793,0.157,662184.2172,0.0101,0.026,0.028,rip_configuration,4,24576000.0,3827419.0028,0.9784,2.461,26704.8047,0.1176,fat_tree,0.1557,incast
0.9713,29.3807,0.0099,0.0165,0.0242,1766.7206,1.5574,4.8068,5.7793,1.57,6621842.1715,0.0101,0.0261,0.2803,rip_configuration,40,24576000.0,38274190.0277,0.9784,24.6099,189819.0711,0.1176,fat_tree,1.5574,incast
0.9955,16.1818,0.7219,0.2702,0.0327,650.7142,1.5983,4.9334,5.9334,1.6133,6620088.3906,0.0207,0.0352,2.9327,rip_configuration,40,24576000.0,39279324.0781,0.3841,4.7922,29706.5352,0.0522,fat_tree,1.5983,random_workload
0.2214,0.395,0.4168,0.3157,0.8549,2.8018,0.7991,4.9334,5.9334,0.8067,3310044.1953,3.3446,5.2459,1.4529,ospf_ecmp_configuration,20,24576000.0,19639662.0391,0.2772,0.3914,2577247.2827,0.0004,informed_fat_tree,0.7991,random_workload
0.9226,0.7672,0.0058,0.0098,0.1628,32.9671,0.0596,3.4504,4.4229,0.0755,331092.1086,0.0215,0.0358,0.0268,ospf_ecmp_configuration,2,24576000.0,1464253.072,0.9708,1.2069,25611.2538,0.0682,jellyfish,0.0596,incast
0.9676,7.7699,0.0197,0.0352,0.0309,329.6711,0.5958,3.4504,4.4229,0.7553,3310921.0858,0.0215,0.0359,0.2112,ospf_ecmp_configuration,20,24576000.0,14642530.7203,0.9718,12.0684,107168.387,0.0682,jellyfish,0.5958,incast
0.5568,0.79,0.7832,0.7401,0.8966,5.6035,1.5983,4.9334,5.9334,1.6133,6620088.3906,3.7,5.6624,2.9058,ospf_ecmp_configuration,40,24576000.0,39279324.0781,0.2772,0.7827,2934143.7639,0.0004,informed_fat_tree,1.5983,random_workload
0.9476,1.5344,0.0065,0.0209,0.0792,65.9342,0.1192,3.4504,4.4229,0.1511,662184.2172,0.0215,0.0359,0.0537,ospf_ecmp_configuration,4,24576000.0,2928506.1441,0.9708,2.4138,34673.1575,0.0682,jellyfish,0.1192,incast
0.9701,15.5391,0.0323,0.0382,0.0263,659.3422,1.1916,3.4504,4.4229,1.5107,6621842.1715,0.0215,0.0359,0.4223,ospf_ecmp_configuration,40,24576000.0,29285061.4406,0.9718,24.1368,197787.424,0.0682,jellyfish,1.1916,incast
0.1954,0.3782,0.4169,0.321,0.8513,2.8018,0.7991,4.9334,5.9334,0.8067,3310044.1953,3.468,5.4399,1.4528,eigrp_ecmp_configuration,20,24576000.0,19639662.0391,0.2771,0.3912,2663260.3468,0.0004,informed_fat_tree,0.7991,random_workload
0.9226,0.7671,0.0058,0.0098,0.3585,32.9671,0.0596,3.4504,4.4229,0.0755,331092.1086,0.0215,0.0357,0.0269,eigrp_ecmp_configuration,2,24576000.0,1464253.072,0.9708,1.2069,25611.2538,0.0682,jellyfish,0.0596,incast
0.9676,7.6664,0.0172,0.048,0.041,329.6711,0.5958,3.4504,4.4229,0.7553,3310921.0858,0.0215,0.0359,0.2643,eigrp_ecmp_configuration,20,24576000.0,14642530.7203,0.9707,12.0683,107168.387,0.0682,jellyfish,0.5958,incast
0.5376,0.7564,0.7832,0.749,0.8965,5.6035,1.5983,4.9334,5.9334,1.6133,6620088.3906,3.8676,5.8854,2.9057,eigrp_ecmp_configuration,40,24576000.0,39279324.0781,0.2771,0.7825,3060841.4812,0.0004,informed_fat_tree,1.5983,random_workload
0.9476,1.5341,0.0065,0.021,0.1628,65.9342,0.1192,3.4504,4.4229,0.1511,662184.2172,0.0215,0.0358,0.0539,eigrp_ecmp_configuration,4,24576000.0,2928506.1441,0.9708,2.4138,34673.1575,0.0682,jellyfish,0.1192,incast
0.9701,15.3394,0.0359,0.0609,0.0309,659.3422,1.1916,3.4504,4.4229,1.5107,6621842.1715,0.0215,0.0359,0.5193,eigrp_ecmp_configuration,40,24576000.0,29285061.4406,0.9707,24.1361,197787.424,0.0682,jellyfish,1.1916,incast
0.2011,0.3851,0.4168,0.3217,0.853,2.8018,0.7991,4.9334,5.9334,0.8067,3310044.1953,3.4481,5.3799,1.4528,ospf_drill_configuration,20,24576000.0,19639662.0391,0.2771,0.3913,2644305.6278,0.0004,informed_fat_tree,0.7991,random_workload
0.9226,0.7714,0.0057,0.0103,0.1628,32.9671,0.0596,3.4504,4.4229,0.0755,331092.1086,0.0215,0.0358,0.0244,ospf_drill_configuration,2,24576000.0,1464253.072,0.9713,1.2069,25611.2538,0.0682,jellyfish,0.0596,incast
0.9676,7.7716,0.0199,0.0362,0.0309,329.6711,0.5958,3.4504,4.4229,0.7553,3310921.0858,0.0215,0.0359,0.2104,ospf_drill_configuration,20,24576000.0,14642530.7203,0.972,12.0684,107168.387,0.0682,jellyfish,0.5958,incast
0.5433,0.7703,0.7832,0.7439,0.8979,5.6035,1.5983,4.9334,5.9334,1.6133,6620088.3906,3.8271,5.7845,2.9057,ospf_drill_configuration,40,24576000.0,39279324.0781,0.2771,0.7825,3023315.7241,0.0004,informed_fat_tree,1.5983,random_workload
0.9476,1.5427,0.0065,0.0213,0.0792,65.9342,0.1192,3.4504,4.4229,0.1511,662184.2172,0.0215,0.0359,0.0487,ospf_drill_configuration,4,24576000.0,2928506.1441,0.9713,2.4138,34673.1575,0.0682,jellyfish,0.1192,incast
0.9701,15.5419,0.0329,0.0393,0.0263,659.3422,1.1916,3.4504,4.4229,1.5107,6621842.1715,0.0215,0.0359,0.4214,ospf_drill_configuration,40,24576000.0,29285061.4406,0.972,24.1368,197787.424,0.0682,jellyfish,1.1916,incast
0.1834,0.3725,0.4168,0.3267,0.8491,2.8018,0.7991,4.9334,5.9334,0.8067,3310044.1953,3.5212,5.5404,1.4528,eigrp_drill_configuration,20,24576000.0,19639662.0391,0.2771,0.3912,2702900.519,0.0004,informed_fat_tree,0.7991,random_workload
0.9226,0.769,0.0058,0.0104,0.3585,32.9671,0.0596,3.4504,4.4229,0.0755,331092.1086,0.0215,0.0357,0.0249,eigrp_drill_configuration,2,24576000.0,1464253.072,0.971,1.2069,25611.2538,0.0682,jellyfish,0.0596,incast
0.9676,7.6816,0.0178,0.055,0.041,329.6711,0.5958,3.4504,4.4229,0.7553,3310921.0858,0.0215,0.0359,0.2538,eigrp_drill_configuration,20,24576000.0,14642530.7203,0.9709,12.0683,107168.387,0.0682,jellyfish,0.5958,incast
0.5289,0.7451,0.7833,0.7518,0.8962,5.6035,1.5983,4.9334,5.9334,1.6133,6620088.3906,3.9442,5.9855,2.9057,eigrp_drill_configuration,40,24576000.0,39279324.0781,0.2771,0.7824,3118457.7328,0.0004,informed_fat_tree,1.5983,random_workload
0.9476,1.538,0.0065,0.0209,0.1628,65.9342,0.1192,3.4504,4.4229,0.1511,662184.2172,0.0215,0.0358,0.0498,eigrp_drill_configuration,4,24576000.0,2928506.1441,0.971,2.4138,34673.1575,0.0682,jellyfish,0.1192,incast
0.9701,15.3559,0.0358,0.0583,0.0309,659.3422,1.1916,3.4504,4.4229,1.5107,6621842.1715,0.0215,0.0359,0.5145,eigrp_drill_configuration,40,24576000.0,29285061.4406,0.9709,24.1361,197787.424,0.0682,jellyfish,1.1916,incast
0.1566,0.4257,0.3661,0.1159,0.8373,2.3961,0.4097,2.0363,3.0363,0.7447,3315705.4979,3.5934,5.9319,1.4544,conga_configuration,20,24576000.0,10068395.6315,0.3228,0.4206,2796310.9865,0.0007,informed_fat_tree,0.4097,local_group_workload
0.9226,0.5921,0.0055,0.0053,0.1628,32.9671,0.0314,2.9173,3.8898,0.0732,331092.1086,0.0215,0.0358,0.014,conga_configuration,2,40960000.0,1288065.157,0.9768,1.2205,25611.2538,0.0775,leaf_spine,0.0314,incast
0.9676,5.921,0.0069,0.0233,0.0309,329.6711,0.3145,2.9173,3.8898,0.7319,3310921.0858,0.0215,0.0359,0.1402,conga_configuration,20,40960000.0,12880651.5702,0.9768,12.205,107168.387,0.0775,leaf_spine,0.3145,incast
0.5015,0.8513,0.7133,0.3575,0.8814,4.7922,0.8194,2.0363,3.0363,1.4893,6631410.9957,4.1134,6.6215,2.9087,conga_configuration,40,24576000.0,20136791.263,0.3228,0.8413,3305444.0952,0.0007,informed_fat_tree,0.8194,local_group_workload
0.9476,1.1842,0.0063,0.0121,0.0792,65.9342,0.0629,2.9173,3.8898,0.1464,662184.2172,0.0215,0.0359,0.028,conga_configuration,4,40960000.0,2576130.314,0.9768,2.441,34673.1575,0.0775,leaf_spine,0.0629,incast
0.9701,11.842,0.0069,0.0248,0.0263,659.3422,0.6289,2.9173,3.8898,1.4639,6621842.1715,0.0215,0.0359,0.2805,conga_configuration,40,40960000.0,25761303.1403,0.9768,24.4101,197787.424,0.0775,leaf_spine,0.6289,incast
0.9466,1.467,0.0075,0.0036,0.082,88.336,0.0779,4.8068,5.7793,0.0785,331092.1086,0.0102,0.0262,0.014,ospf_configuration,2,24576000.0,1913709.5014,0.9783,1.2304,17687.6153,0.0559,fat_tree,0.0779,incast
0.97,14.6904,0.0092,0.0069,0.0265,883.3603,0.7787,4.8068,5.7793,0.785,3310921.0858,0.0101,0.0261,0.1402,ospf_configuration,20,24576000.0,19137095.0139,0.9784,12.3049,99200.0342,0.0522,fat_tree,0.7787,incast
0.0433,0.0354,0.001,0.0003,0.8139,1.5806,0.0048,4.8007,5.7721,0.0049,20591.6892,0.2025,0.3458,0.0048,ospf_ecmp_configuration,1,24576000.0,118894.7386,0.9781,0.0551,19699.1825,0.0318,fat_tree,0.0048,incast
0.9913,8.0909,0.3843,0.1308,0.0393,325.3571,0.7991,4.9334,5.9334,0.8067,3310044.1953,0.0207,0.0352,1.4664,ospf_configuration,20,24576000.0,19639662.0391,0.3841,2.3961,28677.4813,0.016,fat_tree,0.7991,random_workload
0.5167,1.1038,0.3691,0.1297,0.5542,12.8497,0.4097,2.0363,3.0363,0.7447,3315705.4979,0.8796,5.3861,1.466,rip_configuration,20,24576000.0,10068395.6315,0.3441,0.468,1602371.9571,0.004,informed_fat_tree,0.4097,local_group_workload
0.9227,0.8206,0.0055,0.0016,0.1626,32.9812,0.0314,2.9173,3.8898,0.0732,331092.1086,0.0214,0.0358,0.0138,rip_configuration,2,40960000.0,1288065.157,0.9771,1.2205,25586.2687,0.0785,leaf_spine,0.0314,incast
0.9676,8.2064,0.007,0.0016,0.0308,329.8119,0.3145,2.9173,3.8898,0.7319,3310921.0858,0.0214,0.0359,0.1382,rip_configuration,20,40960000.0,12880651.5702,0.9771,12.2052,107143.4019,0.0785,leaf_spine,0.3145,incast
0.7214,2.2076,0.7167,0.2692,0.559,25.6993,0.8194,2.0363,3.0363,1.4893,6631410.9957,0.9293,5.9936,2.9319,rip_configuration,40,24576000.0,20136791.263,0.3441,0.936,1847637.4876,0.004,informed_fat_tree,0.8194,local_group_workload
0.9477,1.6413,0.0064,0.0016,0.0791,65.9624,0.0629,2.9173,3.8898,0.1464,662184.2172,0.0214,0.0358,0.0276,rip_configuration,4,40960000.0,2576130.314,0.9771,2.441,34648.1724,0.0785,leaf_spine,0.0629,incast
0.9701,16.4127,0.007,0.0058,0.0263,659.6237,0.6289,2.9173,3.8898,1.4639,6621842.1715,0.0214,0.0359,0.2764,rip_configuration,40,40960000.0,25761303.1403,0.9771,24.4105,197762.4389,0.0785,leaf_spine,0.6289,incast
0.5167,1.1038,0.3691,0.1297,0.5542,12.8497,0.4097,2.0363,3.0363,0.7447,3315705.4979,0.8796,5.3861,1.466,ospf_configuration,20,24576000.0,10068395.6315,0.3441,0.468,1602371.9571,0.004,informed_fat_tree,0.4097,local_group_workload
0.9227,0.8173,0.0055,0.0016,0.1628,32.9671,0.0314,2.9173,3.8898,0.0732,331092.1086,0.0215,0.0358,0.0138,ospf_configuration,2,40960000.0,1288065.157,0.9771,1.2205,25605.5526,0.0783,leaf_spine,0.0314,incast
0.9676,8.2064,0.007,0.0016,0.0308,329.8119,0.3145,2.9173,3.8898,0.7319,3310921.0858,0.0214,0.0359,0.1382,ospf_configuration,20,40960000.0,12880651.5702,0.9771,12.2052,107143.4019,0.0775,leaf_spine,0.3145,incast
0.7214,2.2076,0.7167,0.2692,0.559,25.6993,0.8194,2.0363,3.0363,1.4893,6631410.9957,0.9293,5.9936,2.9319,ospf_configuration,40,24576000.0,20136791.263,0.3441,0.936,1847637.4876,0.004,informed_fat_tree,0.8194,local_group_workload
0.9476,1.6346,0.0064,0.0016,0.0792,65.9342,0.0629,2.9173,3.8898,0.1464,662184.2172,0.0215,0.0358,0.0276,ospf_configuration,4,40960000.0,2576130.314,0.9771,2.441,34667.4563,0.0783,leaf_spine,0.0629,incast
0.9701,16.4127,0.007,0.0058,0.0263,659.6237,0.6289,2.9173,3.8898,1.4639,6621842.1715,0.0214,0.0359,0.2764,ospf_configuration,40,40960000.0,25761303.1403,0.9771,24.4105,197762.4389,0.0775,leaf_spine,0.6289,incast
0.5167,1.1038,0.3691,0.1297,0.5542,12.8497,0.4097,2.0363,3.0363,0.7447,3315705.4979,0.8796,5.3861,1.466,eigrp_configuration,20,24576000.0,10068395.6315,0.3441,0.468,1602371.9571,0.004,informed_fat_tree,0.4097,local_group_workload
0.9227,0.8169,0.0055,0.0016,0.3584,32.9671,0.0314,2.9173,3.8898,0.0732,331092.1086,0.0215,0.0357,0.0138,eigrp_configuration,2,40960000.0,1288065.157,0.9771,1.2205,25607.425,0.0783,leaf_spine,0.0314,incast
0.9676,7.5978,0.0071,0.0018,0.041,329.6711,0.3145,2.9173,3.8898,0.7319,3310921.0858,0.0215,0.0359,0.1382,eigrp_configuration,20,40960000.0,12880651.5702,0.9771,12.2052,107164.7501,0.0775,leaf_spine,0.3145,incast
0.7214,2.2076,0.7167,0.2692,0.559,25.6993,0.8194,2.0363,3.0363,1.4893,6631410.9957,0.9293,5.9936,2.9319,eigrp_configuration,40,24576000.0,20136791.263,0.3441,0.936,1847637.4876,0.004,informed_fat_tree,0.8194,local_group_workload
0.9476,1.6338,0.0064,0.0016,0.1628,65.9342,0.0629,2.9173,3.8898,0.1464,662184.2172,0.0215,0.0358,0.0276,eigrp_configuration,4,40960000.0,2576130.314,0.9771,2.441,34669.3287,0.0783,leaf_spine,0.0629,incast
0.9701,14.6651,0.0071,0.0021,0.0309,659.3422,0.6289,2.9173,3.8898,1.4639,6621842.1715,0.0215,0.0359,0.2765,eigrp_configuration,40,40960000.0,25761303.1403,0.9771,24.4103,197783.9237,0.0775,leaf_spine,0.6289,incast
0.1564,0.4243,0.3661,0.1131,0.8372,2.3961,0.4097,2.0363,3.0363,0.7447,3315705.4979,3.5942,5.9347,1.4544,ospf_ecmp_configuration,20,24576000.0,10068395.6315,0.3228,0.4206,2797103.3555,0.0007,informed_fat_tree,0.4097,local_group_workload
0.9226,0.5885,0.0055,0.0017,0.1628,32.9671,0.0314,2.9173,3.8898,0.0732,331092.1086,0.0215,0.0358,0.014,ospf_ecmp_configuration,2,40960000.0,1288065.157,0.9768,1.2205,25611.2538,0.0775,leaf_spine,0.0314,incast
0.9676,6.3501,0.007,0.0112,0.0309,329.6711,0.3145,2.9173,3.8898,0.7319,3310921.0858,0.0215,0.0359,0.1393,ospf_ecmp_configuration,20,40960000.0,12880651.5702,0.9768,12.2051,107168.387,0.0775,leaf_spine,0.3145,incast
0.5013,0.8486,0.7133,0.3633,0.8813,4.7922,0.8194,2.0363,3.0363,1.4893,6631410.9957,4.1155,6.6284,2.9087,ospf_ecmp_configuration,40,24576000.0,20136791.263,0.3228,0.8413,3307400.0091,0.0007,informed_fat_tree,0.8194,local_group_workload
0.9476,1.177,0.0063,0.0169,0.0792,65.9342,0.0629,2.9173,3.8898,0.1464,662184.2172,0.0215,0.0359,0.028,ospf_ecmp_configuration,4,40960000.0,2576130.314,0.9768,2.441,34673.1575,0.0775,leaf_spine,0.0629,incast
0.9701,12.6993,0.0074,0.0112,0.0263,659.3422,0.6289,2.9173,3.8898,1.4639,6621842.1715,0.0215,0.0359,0.2786,ospf_ecmp_configuration,40,40960000.0,25761303.1403,0.9768,24.4101,197787.424,0.0775,leaf_spine,0.6289,incast
0.1563,0.4204,0.3661,0.1098,0.8371,2.3961,0.4097,2.0363,3.0363,0.7447,3315705.4979,3.5942,5.9363,1.4544,eigrp_ecmp_configuration,20,24576000.0,10068395.6315,0.3228,0.4206,2797377.9487,0.0007,informed_fat_tree,0.4097,local_group_workload
0.9226,0.5885,0.0055,0.0014,0.3585,32.9671,0.0314,2.9173,3.8898,0.0732,331092.1086,0.0215,0.0357,0.014,eigrp_ecmp_configuration,2,40960000.0,1288065.157,0.9768,1.2205,25611.2538,0.0775,leaf_spine,0.0314,incast
0.9676,5.9961,0.0069,0.0235,0.041,329.6711,0.3145,2.9173,3.8898,0.7319,3310921.0858,0.0215,0.0359,0.1401,eigrp_ecmp_configuration,20,40960000.0,12880651.5702,0.9768,12.205,107168.387,0.0775,leaf_spine,0.3145,incast
0.5011,0.8408,0.7133,0.3669,0.8811,4.7922,0.8194,2.0363,3.0363,1.4893,6631410.9957,4.1159,6.6323,2.9087,eigrp_ecmp_configuration,40,24576000.0,20136791.263,0.3228,0.8412,3308341.3859,0.0007,informed_fat_tree,0.8194,local_group_workload
0.9476,1.177,0.0063,0.0169,0.1628,65.9342,0.0629,2.9173,3.8898,0.1464,662184.2172,0.0215,0.0358,0.028,eigrp_ecmp_configuration,4,40960000.0,2576130.314,0.9768,2.441,34673.1575,0.0775,leaf_spine,0.0629,incast
0.9701,12.1106,0.0071,0.0207,0.0309,659.3422,0.6289,2.9173,3.8898,1.4639,6621842.1715,0.0215,0.0359,0.2799,eigrp_ecmp_configuration,40,40960000.0,25761303.1403,0.9768,24.4101,197787.424,0.0775,leaf_spine,0.6289,incast
0.0433,0.0353,0.001,0.0003,0.8087,1.5806,0.0048,4.8007,5.7721,0.0049,20591.6892,0.1986,0.3444,0.0049,eigrp_ecmp_configuration,1,24576000.0,118894.7386,0.9781,0.0551,19699.1825,0.0318,fat_tree,0.0048,incast
0.9597,2.9379,0.0085,0.0038,0.0477,176.6721,0.1557,4.8068,5.7793,0.157,662184.2172,0.0101,0.0261,0.028,ospf_configuration,4,24576000.0,3827419.0028,0.9784,2.461,26709.8374,0.0522,fat_tree,0.1557,incast
0.9713,29.3807,0.0099,0.0165,0.0242,1766.7206,1.5574,4.8068,5.7793,1.57,6621842.1715,0.0101,0.0261,0.2803,ospf_configuration,40,24576000.0,38274190.0277,0.9784,24.6099,189819.0711,0.0522,fat_tree,1.5574,incast
0.9955,16.1818,0.7219,0.2702,0.0327,650.7142,1.5983,4.9334,5.9334,1.6133,6620088.3906,0.0207,0.0352,2.9327,ospf_configuration,40,24576000.0,39279324.0781,0.3841,4.7922,29706.5352,0.016,fat_tree,1.5983,random_workload
0.1565,0.4265,0.3661,0.1152,0.8372,2.3961,0.4097,2.0363,3.0363,0.7447,3315705.4979,3.5938,5.9334,1.4544,ospf_drill_configuration,20,24576000.0,10068395.6315,0.3228,0.4207,2796784.7078,0.0007,informed_fat_tree,0.4097,local_group_workload
0.9226,0.5927,0.0055,0.0056,0.1628,32.9671,0.0314,2.9173,3.8898,0.0732,331092.1086,0.0215,0.0358,0.014,ospf_drill_configuration,2,40960000.0,1288065.157,0.9768,1.2205,25611.2538,0.0775,leaf_spine,0.0314,incast
0.9676,6.3313,0.007,0.0095,0.0309,329.6711,0.3145,2.9173,3.8898,0.7319,3310921.0858,0.0215,0.0359,0.1393,ospf_drill_configuration,20,40960000.0,12880651.5702,0.9768,12.2051,107168.387,0.0775,leaf_spine,0.3145,incast
0.5014,0.853,0.7134,0.3624,0.8813,4.7922,0.8194,2.0363,3.0363,1.4893,6631410.9957,4.1146,6.6257,2.9087,ospf_drill_configuration,40,24576000.0,20136791.263,0.3228,0.8413,3306601.3772,0.0007,informed_fat_tree,0.8194,local_group_workload
0.9476,1.1853,0.0063,0.0122,0.0792,65.9342,0.0629,2.9173,3.8898,0.1464,662184.2172,0.0215,0.0359,0.028,ospf_drill_configuration,4,40960000.0,2576130.314,0.9768,2.441,34673.1575,0.0775,leaf_spine,0.0629,incast
0.9701,12.6573,0.0073,0.0102,0.0263,659.3422,0.6289,2.9173,3.8898,1.4639,6621842.1715,0.0215,0.0359,0.2786,ospf_drill_configuration,40,40960000.0,25761303.1403,0.9768,24.4101,197787.424,0.0775,leaf_spine,0.6289,incast
0.1563,0.4215,0.3661,0.1108,0.8371,2.3961,0.4097,2.0363,3.0363,0.7447,3315705.4979,3.5942,5.936,1.4544,eigrp_drill_configuration,20,24576000.0,10068395.6315,0.3228,0.4206,2797318.4003,0.0007,informed_fat_tree,0.4097,local_group_workload
0.9226,0.5905,0.0055,0.0047,0.3585,32.9671,0.0314,2.9173,3.8898,0.0732,331092.1086,0.0215,0.0357,0.014,eigrp_drill_configuration,2,40960000.0,1288065.157,0.9768,1.2205,25611.2538,0.0775,leaf_spine,0.0314,incast
0.9676,6.0014,0.0069,0.0218,0.041,329.6711,0.3145,2.9173,3.8898,0.7319,3310921.0858,0.0215,0.0359,0.1402,eigrp_drill_configuration,20,40960000.0,12880651.5702,0.9768,12.205,107168.387,0.0775,leaf_spine,0.3145,incast
0.5011,0.843,0.7133,0.3652,0.8811,4.7922,0.8194,2.0363,3.0363,1.4893,6631410.9957,4.1159,6.6314,2.9087,eigrp_drill_configuration,40,24576000.0,20136791.263,0.3228,0.8413,3308208.3021,0.0007,informed_fat_tree,0.8194,local_group_workload
0.9476,1.1809,0.0063,0.0137,0.1628,65.9342,0.0629,2.9173,3.8898,0.1464,662184.2172,0.0215,0.0358,0.0281,eigrp_drill_configuration,4,40960000.0,2576130.314,0.9768,2.441,34673.1575,0.0775,leaf_spine,0.0629,incast
0.9701,12.0945,0.0071,0.0201,0.0309,659.3422,0.6289,2.9173,3.8898,1.4639,6621842.1715,0.0215,0.0359,0.2802,eigrp_drill_configuration,40,40960000.0,25761303.1403,0.9768,24.4101,197787.424,0.0775,leaf_spine,0.6289,incast
0.9226,0.6249,0.0039,0.0037,0.1628,32.9671,0.0283,2.5244,3.4969,0.0728,331092.1086,0.0215,0.0358,0.0138,conga_configuration,2,40960000.0,1157914.3405,0.9771,1.2287,25611.2538,0.0862,informed_leaf_spine,0.0283,incast
0.9676,6.2494,0.0039,0.0039,0.0309,329.6711,0.2827,2.5244,3.4969,0.7283,3310921.0858,0.0215,0.0359,0.1375,conga_configuration,20,40960000.0,11579143.4051,0.9771,12.2871,107168.387,0.0862,informed_leaf_spine,0.2827,incast
0.1567,0.3343,0.3657,0.1228,0.8376,2.8018,0.6161,3.5734,4.5734,0.777,3310044.1953,3.5907,5.9107,1.4525,conga_configuration,20,24576000.0,15140372.8621,0.2854,0.3896,2791412.0999,0.0005,jellyfish,0.6161,random_workload
0.9476,1.2499,0.0039,0.0039,0.0792,65.9342,0.0565,2.5244,3.4969,0.1457,662184.2172,0.0215,0.0359,0.0275,conga_configuration,4,40960000.0,2315828.681,0.9771,2.4574,34673.1575,0.0862,informed_leaf_spine,0.0565,incast
0.9701,12.4989,0.0039,0.0039,0.0263,659.3422,0.5654,2.5244,3.4969,1.4566,6621842.1715,0.0215,0.0359,0.275,conga_configuration,40,40960000.0,23158286.8103,0.9771,24.5742,197787.424,0.0862,informed_leaf_spine,0.5654,incast
0.5024,0.6687,0.7682,0.6073,0.883,5.6035,1.2321,3.5734,4.5734,1.5539,6620088.3906,4.113,6.5707,2.905,conga_configuration,40,24576000.0,30280745.7243,0.2854,0.7792,3294484.3402,0.0005,jellyfish,1.2321,random_workload
0.9561,1.4147,0.0039,0.0009,0.0557,191.7583,0.0283,2.5244,3.4969,0.0728,331092.1086,0.0038,0.0286,0.0136,rip_configuration,2,40960000.0,1157914.3405,0.9774,1.2287,14522.0065,0.4329,informed_leaf_spine,0.0283,incast
0.971,14.1471,0.004,0.0009,0.0248,1917.5835,0.2827,2.5244,3.4969,0.7283,3310921.0858,0.0038,0.0287,0.1356,rip_configuration,20,40960000.0,11579143.4051,0.9774,12.2872,96079.1398,0.4329,informed_leaf_spine,0.2827,incast
0.2849,0.4789,0.3718,0.1942,0.8233,4.907,0.6161,3.5734,4.5734,0.777,3310044.1953,2.8826,5.3333,1.466,rip_configuration,20,24576000.0,15140372.8621,0.2917,0.3981,2367103.5307,0.001,jellyfish,0.6161,random_workload
0.9644,2.8294,0.004,0.0009,0.0372,383.5167,0.0565,2.5244,3.4969,0.1457,662184.2172,0.0038,0.0287,0.0271,rip_configuration,4,40960000.0,2315828.681,0.9774,2.4574,23583.9102,0.4329,informed_leaf_spine,0.0565,incast
0.9718,28.2942,0.004,0.0053,0.0234,3835.167,0.5654,2.5244,3.4969,1.4566,6621842.1715,0.0038,0.0287,0.2711,rip_configuration,40,40960000.0,23158286.8103,0.9774,24.5744,186698.1767,0.4329,informed_leaf_spine,0.5654,incast
0.5932,0.9577,0.7604,0.4878,0.8476,9.8139,1.2321,3.5734,4.5734,1.5539,6620088.3906,3.2622,5.8751,2.9319,rip_configuration,40,24576000.0,30280745.7243,0.2917,0.7963,2692811.9095,0.001,jellyfish,1.2321,random_workload
0.9561,1.4146,0.0039,0.0009,0.0557,191.7583,0.0283,2.5244,3.4969,0.0728,331092.1086,0.0038,0.0286,0.0136,ospf_configuration,2,40960000.0,1157914.3405,0.9774,1.2287,14527.5572,0.1545,informed_leaf_spine,0.0283,incast
0.971,14.1471,0.004,0.0009,0.0248,1917.5835,0.2827,2.5244,3.4969,0.7283,3310921.0858,0.0038,0.0287,0.1356,ospf_configuration,20,40960000.0,11579143.4051,0.9774,12.2872,96079.1398,0.1545,informed_leaf_spine,0.2827,incast
0.2849,0.4789,0.3718,0.1942,0.8233,4.907,0.6161,3.5734,4.5734,0.777,3310044.1953,2.8826,5.3333,1.466,ospf_configuration,20,24576000.0,15140372.8621,0.2917,0.3981,2367103.5307,0.001,jellyfish,0.6161,random_workload
0.9644,2.8294,0.004,0.0009,0.0372,383.5167,0.0565,2.5244,3.4969,0.1457,662184.2172,0.0038,0.0287,0.0271,ospf_configuration,4,40960000.0,2315828.681,0.9774,2.4574,23583.9102,0.1545,informed_leaf_spine,0.0565,incast
0.9718,28.2942,0.004,0.0053,0.0234,3835.167,0.5654,2.5244,3.4969,1.4566,6621842.1715,0.0038,0.0287,0.2711,ospf_configuration,40,40960000.0,23158286.8103,0.9774,24.5744,186698.1767,0.1545,informed_leaf_spine,0.5654,incast
0.5932,0.9577,0.7604,0.4878,0.8476,9.8139,1.2321,3.5734,4.5734,1.5539,6620088.3906,3.2622,5.8751,2.9319,ospf_configuration,40,24576000.0,30280745.7243,0.2917,0.7963,2692811.9095,0.001,jellyfish,1.2321,random_workload
0.9462,1.4558,0.0075,0.0036,0.1716,86.8019,0.0779,4.8068,5.7793,0.0785,331092.1086,0.0103,0.0265,0.0141,eigrp_configuration,2,24576000.0,1913709.5014,0.9777,1.2297,17808.8418,0.1163,fat_tree,0.0779,incast
0.9689,12.0346,0.0103,0.0055,0.0358,450.0426,0.7787,4.8068,5.7793,0.785,3310921.0858,0.0161,0.0297,0.1424,eigrp_configuration,20,24576000.0,19137095.0139,0.978,12.199,103060.8766,0.0522,fat_tree,0.7787,incast
0.0433,0.0358,0.001,0.0003,0.8139,1.5806,0.0048,4.8007,5.7721,0.0049,20591.6892,0.2025,0.3458,0.0046,ospf_drill_configuration,1,24576000.0,118894.7386,0.9786,0.0551,19699.1825,0.0318,fat_tree,0.0048,incast
0.9892,6.867,0.3854,0.1375,0.0555,260.1835,0.7991,4.9334,5.9334,0.8067,3310044.1953,0.0245,0.0533,1.4705,eigrp_configuration,20,24576000.0,19639662.0391,0.3821,2.0422,35627.7349,0.0327,fat_tree,0.7991,random_workload
0.9556,1.4015,0.0039,0.0009,0.1034,188.8806,0.0283,2.5244,3.4969,0.0728,331092.1086,0.0038,0.0287,0.0136,eigrp_configuration,2,40960000.0,1157914.3405,0.9774,1.2287,14706.657,0.4287,informed_leaf_spine,0.0283,incast
0.9705,11.0331,0.0041,0.001,0.0294,958.7917,0.2827,2.5244,3.4969,0.7283,3310921.0858,0.0068,0.0287,0.1356,eigrp_configuration,20,40960000.0,11579143.4051,0.9774,12.2871,97584.7753,0.0911,informed_leaf_spine,0.2827,incast
0.2849,0.4789,0.3718,0.1942,0.8233,4.907,0.6161,3.5734,4.5734,0.777,3310044.1953,2.8826,5.3333,1.466,eigrp_configuration,20,24576000.0,15140372.8621,0.2917,0.3981,2367103.5307,0.001,jellyfish,0.6161,random_workload
0.9633,2.4693,0.0039,0.0009,0.0614,302.0316,0.0565,2.5244,3.4969,0.1457,662184.2172,0.0049,0.0287,0.0271,eigrp_configuration,4,40960000.0,2315828.681,0.9774,2.4574,24323.5854,0.2754,informed_leaf_spine,0.0565,incast
0.9715,21.7949,0.0041,0.0011,0.0257,1917.5835,0.5654,2.5244,3.4969,1.4566,6621842.1715,0.0071,0.0287,0.2713,eigrp_configuration,40,40960000.0,23158286.8103,0.9774,24.5743,188406.2462,0.0862,informed_leaf_spine,0.5654,incast
0.5932,0.9577,0.7604,0.4878,0.8476,9.8139,1.2321,3.5734,4.5734,1.5539,6620088.3906,3.2622,5.8751,2.9319,eigrp_configuration,40,24576000.0,30280745.7243,0.2917,0.7963,2692811.9095,0.001,jellyfish,1.2321,random_workload
0.9226,0.6229,0.0039,0.0036,0.1628,32.9671,0.0283,2.5244,3.4969,0.0728,331092.1086,0.0215,0.0358,0.0137,ospf_ecmp_configuration,2,40960000.0,1157914.3405,0.9771,1.2287,25611.2538,0.0862,informed_leaf_spine,0.0283,incast
0.9696,9.9214,0.0042,0.0016,0.0273,1189.757,0.2827,2.5244,3.4969,0.7283,3310921.0858,0.0105,0.0353,0.1359,ospf_ecmp_configuration,20,40960000.0,11579143.4051,0.9773,12.2871,100762.2403,0.0864,informed_leaf_spine,0.2827,incast
0.16,0.35,0.3673,0.1444,0.8391,2.8018,0.6161,3.5734,4.5734,0.777,3310044.1953,3.5831,5.862,1.4525,ospf_ecmp_configuration,20,24576000.0,15140372.8621,0.2856,0.3898,2780406.918,0.0005,jellyfish,0.6161,random_workload
0.9476,1.2459,0.0039,0.0039,0.0792,65.9342,0.0565,2.5244,3.4969,0.1457,662184.2172,0.0215,0.0359,0.0275,ospf_ecmp_configuration,4,40960000.0,2315828.681,0.9771,2.4574,34673.1575,0.0862,informed_leaf_spine,0.0565,incast
0.9711,19.8418,0.0043,0.0017,0.0246,2376.4911,0.5654,2.5244,3.4969,1.4566,6621842.1715,0.0105,0.0353,0.2718,ospf_ecmp_configuration,40,40960000.0,23158286.8103,0.9773,24.5742,191381.9089,0.0864,informed_leaf_spine,0.5654,incast
0.506,0.7,0.7671,0.5808,0.8852,5.6035,1.2321,3.5734,4.5734,1.5539,6620088.3906,4.0919,6.4838,2.905,ospf_ecmp_configuration,40,24576000.0,30280745.7243,0.2856,0.7796,3270575.4965,0.0005,jellyfish,1.2321,random_workload
0.9226,0.6229,0.0039,0.0036,0.3585,32.9671,0.0283,2.5244,3.4969,0.0728,331092.1086,0.0215,0.0357,0.0137,eigrp_ecmp_configuration,2,40960000.0,1157914.3405,0.9771,1.2287,25611.2538,0.0862,informed_leaf_spine,0.0283,incast
0.968,7.5001,0.004,0.0034,0.0393,885.7682,0.2827,2.5244,3.4969,0.7283,3310921.0858,0.02,0.0359,0.1367,eigrp_ecmp_configuration,20,40960000.0,11579143.4051,0.9771,12.2871,105814.0195,0.0862,informed_leaf_spine,0.2827,incast
0.1579,0.3419,0.3667,0.1341,0.8382,2.8018,0.6161,3.5734,4.5734,0.777,3310044.1953,3.5883,5.8918,1.4525,eigrp_ecmp_configuration,20,24576000.0,15140372.8621,0.2855,0.3898,2787423.3048,0.0005,jellyfish,0.6161,random_workload
0.9476,1.2458,0.0039,0.0039,0.1628,65.9342,0.0565,2.5244,3.4969,0.1457,662184.2172,0.0215,0.0358,0.0275,eigrp_ecmp_configuration,4,40960000.0,2315828.681,0.9771,2.4574,34673.1575,0.0862,informed_leaf_spine,0.0565,incast
0.9704,16.1466,0.0043,0.0029,0.0297,1791.2283,0.5654,2.5244,3.4969,1.4566,6621842.1715,0.0193,0.0359,0.2724,eigrp_ecmp_configuration,40,40960000.0,23158286.8103,0.9772,24.5742,195719.2236,0.0862,informed_leaf_spine,0.5654,incast
0.5037,0.6837,0.7672,0.5916,0.884,5.6035,1.2321,3.5734,4.5734,1.5539,6620088.3906,4.1061,6.5336,2.905,eigrp_ecmp_configuration,40,24576000.0,30280745.7243,0.2855,0.7795,3285316.1792,0.0005,jellyfish,1.2321,random_workload
0.9226,0.6254,0.0039,0.0037,0.1628,32.9671,0.0283,2.5244,3.4969,0.0728,331092.1086,0.0215,0.0358,0.0137,ospf_drill_configuration,2,40960000.0,1157914.3405,0.9771,1.2287,25611.2538,0.0862,informed_leaf_spine,0.0283,incast
0.9696,10.116,0.0041,0.0016,0.0272,1303.1488,0.2827,2.5244,3.4969,0.7283,3310921.0858,0.0104,0.0354,0.1359,ospf_drill_configuration,20,40960000.0,11579143.4051,0.9773,12.2871,100634.0804,0.0915,informed_leaf_spine,0.2827,incast
0.1587,0.3482,0.367,0.1417,0.8387,2.8018,0.6161,3.5734,4.5734,0.777,3310044.1953,3.5867,5.8772,1.4525,ospf_drill_configuration,20,24576000.0,15140372.8621,0.2856,0.3898,2784760.4658,0.0005,jellyfish,0.6161,random_workload
0.9476,1.2507,0.0039,0.0039,0.0792,65.9342,0.0565,2.5244,3.4969,0.1457,662184.2172,0.0215,0.0359,0.0275,ospf_drill_configuration,4,40960000.0,2315828.681,0.9771,2.4574,34673.1575,0.0862,informed_leaf_spine,0.0565,incast
0.9711,20.2397,0.0042,0.0017,0.0246,2606.2975,0.5654,2.5244,3.4969,1.4566,6621842.1715,0.0102,0.0354,0.2717,ospf_drill_configuration,40,40960000.0,23158286.8103,0.9773,24.5742,191205.9326,0.0867,informed_leaf_spine,0.5654,incast
0.5048,0.6964,0.767,0.5832,0.8848,5.6035,1.2321,3.5734,4.5734,1.5539,6620088.3906,4.101,6.5052,2.905,ospf_drill_configuration,40,24576000.0,30280745.7243,0.2856,0.7796,3278375.3986,0.0005,jellyfish,1.2321,random_workload
0.9226,0.6239,0.0039,0.0037,0.3585,32.9671,0.0283,2.5244,3.4969,0.0728,331092.1086,0.0215,0.0357,0.0138,eigrp_drill_configuration,2,40960000.0,1157914.3405,0.9771,1.2287,25611.2538,0.0862,informed_leaf_spine,0.0283,incast
0.9678,7.1185,0.0039,0.0034,0.0402,576.1764,0.2827,2.5244,3.4969,0.7283,3310921.0858,0.0207,0.0359,0.1368,eigrp_drill_configuration,20,40960000.0,11579143.4051,0.9771,12.2871,106558.8922,0.0862,informed_leaf_spine,0.2827,incast
0.1573,0.3407,0.3666,0.1329,0.838,2.8018,0.6161,3.5734,4.5734,0.777,3310044.1953,3.5897,5.8997,1.4525,eigrp_drill_configuration,20,24576000.0,15140372.8621,0.2855,0.3898,2789225.3163,0.0005,jellyfish,0.6161,random_workload
0.9476,1.2478,0.0039,0.0039,0.1628,65.9342,0.0565,2.5244,3.4969,0.1457,662184.2172,0.0215,0.0358,0.0275,eigrp_drill_configuration,4,40960000.0,2315828.681,0.9771,2.4574,34673.1575,0.0862,informed_leaf_spine,0.0565,incast
0.9705,16.2966,0.0042,0.0029,0.0297,1884.164,0.5654,2.5244,3.4969,1.4566,6621842.1715,0.0192,0.0359,0.2724,eigrp_drill_configuration,40,40960000.0,23158286.8103,0.9772,24.5742,195674.9624,0.0862,informed_leaf_spine,0.5654,incast
0.5031,0.6814,0.7673,0.5939,0.8837,5.6035,1.2321,3.5734,4.5734,1.5539,6620088.3906,4.1097,6.5476,2.905,eigrp_drill_configuration,40,24576000.0,30280745.7243,0.2855,0.7795,3289309.4651,0.0005,jellyfish,1.2321,random_workload
0.9594,2.9117,0.0085,0.0038,0.0831,173.6037,0.1557,4.8068,5.7793,0.157,662184.2172,0.0103,0.0265,0.0281,eigrp_configuration,4,24576000.0,3827419.0028,0.9777,2.4595,26870.7455,0.1163,fat_tree,0.1557,incast
0.9707,23.6895,0.011,0.0122,0.0289,883.3603,1.5574,4.8068,5.7793,1.57,6621842.1715,0.0171,0.0303,0.2857,eigrp_configuration,40,24576000.0,38274190.0277,0.978,24.3846,194307.9372,0.0522,fat_tree,1.5574,incast
0.0433,0.0355,0.001,0.0003,0.8087,1.5806,0.0048,4.8007,5.7721,0.0049,20591.6892,0.1986,0.3444,0.0047,eigrp_drill_configuration,1,24576000.0,118894.7386,0.9783,0.0551,19699.1825,0.0318,fat_tree,0.0048,incast
0.9938,12.515,0.7236,0.2813,0.0563,411.5826,1.5983,4.9334,5.9334,1.6133,6620088.3906,0.031,0.0563,2.9463,eigrp_configuration,40,24576000.0,39279324.0781,0.3808,3.7332,41286.7899,0.0196,fat_tree,1.5983,random_workload
0.1577,0.3402,0.3674,0.1299,0.8379,2.3961,0.6171,3.5732,4.5732,0.7783,3315705.4979,3.5915,5.9153,1.4544,conga_configuration,20,24576000.0,15165040.8354,0.2853,0.3902,2792818.2471,0.0005,jellyfish,0.6171,local_group_workload
0.5039,0.6804,0.7682,0.6012,0.8834,4.7922,1.2341,3.5732,4.5732,1.5566,6631410.9957,4.1023,6.5588,2.9087,conga_configuration,40,24576000.0,30330081.6707,0.2853,0.7803,3289710.3317,0.0005,jellyfish,1.2341,local_group_workload
0.2905,0.4868,0.3734,0.1967,0.8217,5.5759,0.6171,3.5732,4.5732,0.7783,3315705.4979,2.8548,5.3219,1.4681,rip_configuration,20,24576000.0,15165040.8354,0.2916,0.3987,2352459.1674,0.001,jellyfish,0.6171,local_group_workload
0.5971,0.9737,0.761,0.491,0.8454,11.1519,1.2341,3.5732,4.5732,1.5566,6631410.9957,3.2321,5.8574,2.9361,rip_configuration,40,24576000.0,30330081.6707,0.2916,0.7974,2671685.0402,0.001,jellyfish,1.2341,local_group_workload
0.2905,0.4868,0.3734,0.1967,0.8217,5.5759,0.6171,3.5732,4.5732,0.7783,3315705.4979,2.8548,5.3219,1.4681,ospf_configuration,20,24576000.0,15165040.8354,0.2916,0.3987,2352459.1674,0.001,jellyfish,0.6171,local_group_workload
0.5971,0.9737,0.761,0.491,0.8454,11.1519,1.2341,3.5732,4.5732,1.5566,6631410.9957,3.2321,5.8574,2.9361,ospf_configuration,40,24576000.0,30330081.6707,0.2916,0.7974,2671685.0402,0.001,jellyfish,1.2341,local_group_workload
0.2905,0.4868,0.3734,0.1967,0.8217,5.5759,0.6171,3.5732,4.5732,0.7783,3315705.4979,2.8548,5.3219,1.4681,eigrp_configuration,20,24576000.0,15165040.8354,0.2916,0.3987,2352459.1674,0.001,jellyfish,0.6171,local_group_workload
0.5971,0.9737,0.761,0.491,0.8454,11.1519,1.2341,3.5732,4.5732,1.5566,6631410.9957,3.2321,5.8574,2.9361,eigrp_configuration,40,24576000.0,30330081.6707,0.2916,0.7974,2671685.0402,0.001,jellyfish,1.2341,local_group_workload
0.1627,0.3556,0.3688,0.1506,0.8398,2.3961,0.6171,3.5732,4.5732,0.7783,3315705.4979,3.577,5.8509,1.4544,ospf_ecmp_configuration,20,24576000.0,15165040.8354,0.2855,0.3904,2776397.3726,0.0005,jellyfish,0.6171,local_group_workload
0.5082,0.7112,0.7673,0.5755,0.8853,4.7922,1.2341,3.5732,4.5732,1.5566,6631410.9957,4.0731,6.4675,2.9087,ospf_ecmp_configuration,40,24576000.0,30330081.6707,0.2855,0.7807,3261254.4143,0.0005,jellyfish,1.2341,local_group_workload
0.9226,0.7712,0.0057,0.0147,0.1628,32.9671,0.0779,4.8068,5.7793,0.0785,331092.1086,0.0215,0.0358,0.0649,ospf_ecmp_configuration,2,24576000.0,1913709.5014,0.9684,1.2068,25611.2538,0.0522,fat_tree,0.0779,incast
0.9676,8.9032,0.0221,0.0278,0.0308,329.6711,0.7787,4.8068,5.7793,0.785,3310921.0858,0.0214,0.0359,0.1968,ospf_ecmp_configuration,20,24576000.0,19137095.0139,0.9727,12.0778,107127.5611,0.0522,fat_tree,0.7787,incast
0.2214,0.395,0.4168,0.3157,0.8549,2.8018,0.7991,4.9334,5.9334,0.8067,3310044.1953,3.3446,5.2459,1.4529,ospf_ecmp_configuration,20,24576000.0,19639662.0391,0.2772,0.3914,2577247.2827,0.0004,fat_tree,0.7991,random_workload
0.0618,0.0405,0.001,0.0003,0.8101,2.5242,0.0027,2.2771,3.2485,0.0045,20591.6892,0.1952,0.3442,0.0025,conga_configuration,1,24576000.0,66967.3822,0.9881,0.056,19318.9604,0.0719,informed_fat_tree,0.0027,incast
0.1598,0.3474,0.3686,0.1417,0.8388,2.3961,0.6171,3.5732,4.5732,0.7783,3315705.4979,3.5863,5.8842,1.4544,eigrp_ecmp_configuration,20,24576000.0,15165040.8354,0.2855,0.3903,2785896.9661,0.0005,jellyfish,0.6171,local_group_workload
0.5054,0.6949,0.7677,0.5845,0.8842,4.7922,1.2341,3.5732,4.5732,1.5566,6631410.9957,4.0933,6.5233,2.9087,eigrp_ecmp_configuration,40,24576000.0,30330081.6707,0.2855,0.7806,3279836.758,0.0005,jellyfish,1.2341,local_group_workload
0.1615,0.3573,0.3691,0.1528,0.8396,2.3961,0.6171,3.5732,4.5732,0.7783,3315705.4979,3.5816,5.8586,1.4544,ospf_drill_configuration,20,24576000.0,15165040.8354,0.2855,0.3903,2780072.3112,0.0005,jellyfish,0.6171,local_group_workload
0.5076,0.7146,0.7675,0.5739,0.8854,4.7922,1.2341,3.5732,4.5732,1.5566,6631410.9957,4.0795,6.4763,2.9087,ospf_drill_configuration,40,24576000.0,30330081.6707,0.2855,0.7807,3265417.918,0.0005,jellyfish,1.2341,local_group_workload
0.1591,0.3478,0.3684,0.1419,0.8386,2.3961,0.6171,3.5732,4.5732,0.7783,3315705.4979,3.5887,5.8935,1.4544,eigrp_drill_configuration,20,24576000.0,15165040.8354,0.2855,0.3903,2788296.0828,0.0005,jellyfish,0.6171,local_group_workload
0.505,0.6957,0.7677,0.5851,0.8841,4.7922,1.2341,3.5732,4.5732,1.5566,6631410.9957,4.0967,6.5309,2.9087,eigrp_drill_configuration,40,24576000.0,30330081.6707,0.2855,0.7806,3282754.6458,0.0005,jellyfish,1.2341,local_group_workload
0.1563,0.3171,0.3646,0.0652,0.8373,2.8018,0.3231,2.9981,3.9981,0.7523,3310044.1953,3.5912,5.9186,1.4571,conga_configuration,20,40960000.0,13233693.087,0.3099,0.4087,2792818.1111,0.0006,leaf_spine,0.3231,random_workload
0.5012,0.6342,0.7162,0.1572,0.8816,5.6035,0.6462,2.9981,3.9981,1.5046,6620088.3906,4.1165,6.6072,2.9142,conga_configuration,40,40960000.0,26467386.1739,0.3099,0.8174,3302033.4796,0.0006,leaf_spine,0.6462,random_workload
0.8519,1.1389,0.3647,0.0902,0.8844,13.2345,0.3231,2.9981,3.9981,0.7523,3310044.1953,0.608,0.9392,1.4575,rip_configuration,20,40960000.0,13233693.087,0.3115,0.415,490304.6504,0.003,leaf_spine,0.3231,random_workload
0.9259,2.2778,0.7163,0.1738,0.8765,26.4691,0.6462,2.9981,3.9981,1.5046,6620088.3906,0.608,0.9392,2.915,rip_configuration,40,40960000.0,26467386.1739,0.3115,0.83,490815.0168,0.003,leaf_spine,0.6462,random_workload
0.9476,1.5424,0.0064,0.0198,0.0792,65.9342,0.1557,4.8068,5.7793,0.157,662184.2172,0.0215,0.0359,0.1298,ospf_ecmp_configuration,4,24576000.0,3827419.0028,0.9684,2.4136,34673.1575,0.0522,fat_tree,0.1557,incast
0.9701,17.7877,0.0287,0.0439,0.0263,659.3422,1.5574,4.8068,5.7793,1.57,6621842.1715,0.0214,0.0359,0.394,ospf_ecmp_configuration,40,24576000.0,38274190.0277,0.9727,24.1554,197746.5981,0.0522,fat_tree,1.5574,incast
0.5568,0.79,0.7832,0.7401,0.8966,5.6035,1.5983,4.9334,5.9334,1.6133,6620088.3906,3.7,5.6624,2.9058,ospf_ecmp_configuration,40,24576000.0,39279324.0781,0.2772,0.7827,2934143.7639,0.0004,fat_tree,1.5983,random_workload
0.4716,0.0824,0.001,0.0005,0.5333,10.9246,0.0027,2.2771,3.2485,0.0045,20591.6892,0.052,0.3116,0.0025,rip_configuration,1,24576000.0,66967.3822,0.9899,0.0563,10881.3671,0.3267,informed_fat_tree,0.0027,incast
